"Date","Price","Open","High","Low","Vol.","Change %"
"Mar 30, 2021","0.089857","0.092151","0.092151","0.089857","1.16B","-2.32%"
"Mar 29, 2021","0.091995","0.090741","0.092999","0.089394","1.08B","1.39%"
"Mar 28, 2021","0.090733","0.088569","0.092275","0.088423","1.18B","2.48%"
"Mar 27, 2021","0.088533","0.090404","0.094488","0.088533","1.90B","-1.48%"
"Mar 26, 2021","0.089864","0.080663","0.089864","0.080663","1.64B","11.18%"
"Mar 25, 2021","0.080827","0.084486","0.084486","0.078270","2.81B","-4.91%"
"Mar 24, 2021","0.084999","0.082909","0.093867","0.082909","3.21B","2.19%"
"Mar 23, 2021","0.083175","0.088503","0.089376","0.079917","2.70B","-5.82%"
"Mar 22, 2021","0.088319","0.093759","0.097677","0.088100","3.22B","-5.68%"
"Mar 21, 2021","0.093639","0.089474","0.093639","0.088731","2.66B","4.78%"
"Mar 20, 2021","0.089365","0.080820","0.093245","0.080820","2.90B","10.47%"
"Mar 19, 2021","0.080897","0.077493","0.085147","0.077493","1.68B","4.36%"
"Mar 18, 2021","0.077514","0.076754","0.081363","0.076754","1.87B","1.08%"
"Mar 17, 2021","0.076682","0.074671","0.076682","0.072072","1.84B","3.04%"
"Mar 16, 2021","0.074421","0.079001","0.079001","0.072289","3.19B","-5.47%"
"Mar 15, 2021","0.078731","0.066442","0.080679","0.066442","5.11B","19.42%"
"Mar 14, 2021","0.065929","0.067528","0.067647","0.065080","1.27B","-2.29%"
"Mar 13, 2021","0.067477","0.065433","0.068349","0.062995","1.69B","2.84%"
"Mar 12, 2021","0.065611","0.067237","0.070575","0.064796","2.78B","-2.35%"
"Mar 11, 2021","0.067189","0.061261","0.068206","0.059009","2.38B","9.46%"
"Mar 10, 2021","0.061383","0.064573","0.064573","0.061383","1.78B","-4.76%"
"Mar 09, 2021","0.064449","0.065359","0.065821","0.062891","2.52B","-1.37%"
"Mar 08, 2021","0.065342","0.056806","0.065342","0.055934","3.43B","15.47%"
"Mar 07, 2021","0.056590","0.053449","0.059366","0.053449","3.32B","6.16%"
"Mar 06, 2021","0.053306","0.052213","0.053695","0.051158","1.64B","2.52%"
"Mar 05, 2021","0.051995","0.050315","0.052869","0.046682","1.99B","3.54%"
"Mar 04, 2021","0.050217","0.052731","0.053070","0.048683","2.74B","-5.10%"
"Mar 03, 2021","0.052914","0.043700","0.053960","0.043700","2.56B","20.82%"
"Mar 02, 2021","0.043794","0.045727","0.045727","0.042249","1.32B","-4.28%"
"Mar 01, 2021","0.045750","0.039735","0.045750","0.039686","1.37B","15.38%"
"Feb 28, 2021","0.039651","0.040829","0.040926","0.037226","1.47B","-2.76%"
"Feb 27, 2021","0.040775","0.039952","0.042248","0.039952","1.59B","3.05%"
"Feb 26, 2021","0.039569","0.039321","0.041280","0.036499","2.35B","0.62%"
"Feb 25, 2021","0.039326","0.042805","0.044300","0.039326","1.79B","-8.08%"
"Feb 24, 2021","0.042781","0.042395","0.046300","0.041726","2.50B","1.52%"
"Feb 23, 2021","0.042139","0.050433","0.050433","0.038259","5.59B","-15.79%"
"Feb 22, 2021","0.050040","0.054951","0.054951","0.047326","3.76B","-8.73%"
"Feb 21, 2021","0.054824","0.053551","0.056192","0.053120","2.03B","2.46%"
"Feb 20, 2021","0.053510","0.053601","0.058397","0.053510","3.86B","-0.04%"
"Feb 19, 2021","0.053530","0.054482","0.055070","0.051979","2.42B","-1.61%"
"Feb 18, 2021","0.054408","0.051431","0.056197","0.051431","2.60B","6.29%"
"Feb 17, 2021","0.051189","0.049380","0.052270","0.047566","2.76B","3.62%"
"Feb 16, 2021","0.049400","0.051200","0.053164","0.049192","2.56B","-3.34%"
"Feb 15, 2021","0.051108","0.052987","0.054999","0.043795","4.56B","-2.45%"
"Feb 14, 2021","0.052392","0.054847","0.057333","0.049600","3.30B","-4.31%"
"Feb 13, 2021","0.054754","0.054938","0.059806","0.052818","6.07B","0.08%"
"Feb 12, 2021","0.054709","0.042645","0.054709","0.042645","8.66B","28.38%"
"Feb 11, 2021","0.042615","0.035813","0.042944","0.035147","4.07B","19.24%"
"Feb 10, 2021","0.035740","0.035580","0.037512","0.033650","3.52B","1.10%"
"Feb 09, 2021","0.035351","0.031381","0.036586","0.030916","4.13B","12.94%"
"Feb 08, 2021","0.031300","0.029149","0.031735","0.028846","2.55B","7.43%"
"Feb 07, 2021","0.029136","0.029969","0.030621","0.027900","1.96B","-2.60%"
"Feb 06, 2021","0.029913","0.032106","0.032106","0.028997","2.40B","-6.66%"
"Feb 05, 2021","0.032046","0.027925","0.032046","0.027925","2.31B","15.67%"
"Feb 04, 2021","0.027704","0.029218","0.029229","0.027704","1.80B","-5.06%"
"Feb 03, 2021","0.029179","0.028144","0.029763","0.028144","1.74B","3.90%"
"Feb 02, 2021","0.028084","0.029481","0.029481","0.027893","1.75B","-4.42%"
"Feb 01, 2021","0.029383","0.025375","0.029383","0.025061","3.16B","15.63%"
"Jan 31, 2021","0.025411","0.026808","0.027160","0.025101","1.68B","-5.38%"
"Jan 30, 2021","0.026857","0.027891","0.027891","0.026857","1.49B","-3.56%"
"Jan 29, 2021","0.027849","0.027370","0.029263","0.027370","2.69B","1.64%"
"Jan 28, 2021","0.027400","0.026318","0.028444","0.026318","1.55B","3.69%"
"Jan 27, 2021","0.026424","0.029397","0.029397","0.026424","1.88B","-10.29%"
"Jan 26, 2021","0.029456","0.029699","0.029802","0.028510","1.39B","-1.01%"
"Jan 25, 2021","0.029758","0.030684","0.031703","0.029758","1.78B","-2.82%"
"Jan 24, 2021","0.030623","0.030068","0.031698","0.030068","1.56B","1.92%"
"Jan 23, 2021","0.030046","0.031285","0.031615","0.029700","1.64B","-4.09%"
"Jan 22, 2021","0.031326","0.027873","0.032094","0.026473","3.14B","11.92%"
"Jan 21, 2021","0.027989","0.034422","0.034608","0.027882","4.73B","-19.17%"
"Jan 20, 2021","0.034628","0.028984","0.034628","0.028984","5.31B","18.91%"
"Jan 19, 2021","0.029122","0.030870","0.030870","0.029115","2.01B","-5.35%"
"Jan 18, 2021","0.030769","0.027286","0.030769","0.026630","2.65B","13.17%"
"Jan 17, 2021","0.027188","0.026842","0.027641","0.025504","2.01B","1.15%"
"Jan 16, 2021","0.026880","0.025341","0.028147","0.025341","2.65B","6.08%"
"Jan 15, 2021","0.025339","0.025750","0.026216","0.024521","2.46B","-1.73%"
"Jan 14, 2021","0.025786","0.026085","0.026295","0.025261","1.80B","-1.18%"
"Jan 13, 2021","0.026095","0.022969","0.026095","0.022818","2.01B","14.26%"
"Jan 12, 2021","0.022839","0.024276","0.025554","0.022387","2.89B","-6.10%"
"Jan 11, 2021","0.024323","0.027113","0.027113","0.019828","4.71B","-10.38%"
"Jan 10, 2021","0.027139","0.028991","0.029284","0.025082","3.05B","-5.97%"
"Jan 09, 2021","0.028861","0.027367","0.029120","0.026414","2.12B","5.87%"
"Jan 08, 2021","0.027262","0.028738","0.028738","0.026595","3.05B","-4.69%"
"Jan 07, 2021","0.028603","0.030885","0.031154","0.028603","3.07B","-7.14%"
"Jan 06, 2021","0.030801","0.027972","0.031012","0.027972","4.68B","10.40%"
"Jan 05, 2021","0.027900","0.024735","0.028202","0.023846","4.20B","13.24%"
"Jan 04, 2021","0.024637","0.026417","0.026481","0.022688","4.73B","-5.76%"
"Jan 03, 2021","0.026144","0.020011","0.026144","0.020011","6.15B","30.77%"
"Jan 02, 2021","0.019993","0.019053","0.020967","0.018918","2.23B","4.96%"
"Jan 01, 2021","0.019049","0.018768","0.019772","0.018646","1.65B","1.59%"
"Dec 31, 2020","0.018750","0.020289","0.020289","0.018488","1.43B","-7.43%"
"Dec 30, 2020","0.020254","0.021234","0.021234","0.019406","2.10B","-4.13%"
"Dec 29, 2020","0.021127","0.020387","0.021127","0.018715","4.78B","4.96%"
"Dec 28, 2020","0.020129","0.016617","0.020129","0.016564","3.59B","21.63%"
"Dec 27, 2020","0.016549","0.016528","0.017620","0.016449","3.92B","0.57%"
"Dec 26, 2020","0.016456","0.014597","0.016858","0.013908","2.25B","12.73%"
"Dec 25, 2020","0.014598","0.014922","0.014994","0.014551","969.91M","-1.99%"
"Dec 24, 2020","0.014894","0.013236","0.014894","0.012758","1.80B","12.18%"
"Dec 23, 2020","0.013277","0.015889","0.016017","0.013277","2.01B","-16.40%"
"Dec 22, 2020","0.015882","0.015520","0.016040","0.015364","955.11M","2.33%"
"Dec 21, 2020","0.015520","0.016266","0.016381","0.015220","1.07B","-4.98%"
"Dec 20, 2020","0.016334","0.017339","0.017339","0.016282","1.31B","-6.03%"
"Dec 19, 2020","0.017382","0.017408","0.017688","0.017245","1.09B","-0.24%"
"Dec 18, 2020","0.017424","0.017092","0.017427","0.016879","912.33M","1.95%"
"Dec 17, 2020","0.017090","0.017296","0.017613","0.016911","1.85B","-1.19%"
"Dec 16, 2020","0.017296","0.016523","0.017296","0.016344","1.20B","4.81%"
"Dec 15, 2020","0.016503","0.016389","0.016787","0.016086","733.55M","0.82%"
"Dec 14, 2020","0.016368","0.016434","0.016554","0.016130","576.65M","-0.56%"
"Dec 13, 2020","0.016461","0.016489","0.016937","0.016337","782.99M","-0.12%"
"Dec 12, 2020","0.016480","0.015558","0.016645","0.015558","784.23M","5.90%"
"Dec 11, 2020","0.015562","0.016013","0.016013","0.015206","1.01B","-2.35%"
"Dec 10, 2020","0.015937","0.016859","0.016859","0.015937","804.34M","-5.02%"
"Dec 09, 2020","0.016779","0.016315","0.016897","0.015863","1.62B","2.41%"
"Dec 08, 2020","0.016384","0.018150","0.018150","0.016349","1.79B","-9.60%"
"Dec 07, 2020","0.018123","0.017209","0.018252","0.016754","1.92B","5.77%"
"Dec 06, 2020","0.017134","0.017466","0.017466","0.016656","913.46M","-2.07%"
"Dec 05, 2020","0.017496","0.015676","0.017496","0.015676","1.33B","11.60%"
"Dec 04, 2020","0.015678","0.017364","0.017364","0.015678","1.36B","-9.88%"
"Dec 03, 2020","0.017397","0.016417","0.017577","0.016172","2.01B","6.07%"
"Dec 02, 2020","0.016402","0.014737","0.016713","0.014736","1.58B","11.46%"
"Dec 01, 2020","0.014715","0.015973","0.016319","0.014715","1.47B","-7.93%"
"Nov 30, 2020","0.015982","0.015178","0.015982","0.015178","1.69B","5.62%"
"Nov 29, 2020","0.015131","0.015353","0.015727","0.014924","1.26B","-1.43%"
"Nov 28, 2020","0.015350","0.014498","0.015898","0.014216","1.67B","5.78%"
"Nov 27, 2020","0.014511","0.014628","0.015022","0.014005","2.05B","-0.69%"
"Nov 26, 2020","0.014612","0.016459","0.016730","0.013443","4.40B","-12.06%"
"Nov 25, 2020","0.016615","0.016158","0.018349","0.016158","4.11B","2.92%"
"Nov 24, 2020","0.016144","0.016031","0.016693","0.015251","3.41B","0.74%"
"Nov 23, 2020","0.016026","0.013921","0.016121","0.013869","2.87B","15.21%"
"Nov 22, 2020","0.013910","0.014421","0.014421","0.013279","2.30B","-3.58%"
"Nov 21, 2020","0.014427","0.012068","0.014427","0.011933","2.90B","19.74%"
"Nov 20, 2020","0.012049","0.011501","0.012049","0.011501","969.64M","4.70%"
"Nov 19, 2020","0.011508","0.011800","0.011800","0.011307","859.67M","-2.28%"
"Nov 18, 2020","0.011777","0.012346","0.012346","0.011515","1.29B","-4.60%"
"Nov 17, 2020","0.012345","0.011326","0.012345","0.011326","1.70B","8.90%"
"Nov 16, 2020","0.011336","0.010980","0.011336","0.010980","680.96M","2.69%"
"Nov 15, 2020","0.011039","0.011250","0.011490","0.010850","672.47M","-1.90%"
"Nov 14, 2020","0.011253","0.011814","0.011814","0.011042","1.07B","-4.71%"
"Nov 13, 2020","0.011809","0.010644","0.011809","0.010577","1.66B","10.88%"
"Nov 12, 2020","0.010650","0.011334","0.011463","0.010650","1.12B","-6.08%"
"Nov 11, 2020","0.011340","0.011543","0.011795","0.011340","1.03B","-2.11%"
"Nov 10, 2020","0.011584","0.011039","0.011730","0.010958","1.45B","5.02%"
"Nov 09, 2020","0.011030","0.011109","0.011232","0.010675","1.36B","-0.85%"
"Nov 08, 2020","0.011125","0.010334","0.011309","0.010334","1.11B","7.15%"
"Nov 07, 2020","0.010383","0.011240","0.011939","0.010383","2.72B","-7.14%"
"Nov 06, 2020","0.011181","0.009727","0.011181","0.009727","1.82B","15.10%"
"Nov 05, 2020","0.009714","0.009407","0.009870","0.009266","1.56B","3.40%"
"Nov 04, 2020","0.009395","0.009233","0.009405","0.008942","2.78B","1.61%"
"Nov 03, 2020","0.009246","0.010050","0.010089","0.009246","1.21B","-8.05%"
"Nov 02, 2020","0.010055","0.010505","0.010577","0.010055","674.24M","-4.22%"
"Nov 01, 2020","0.010498","0.009882","0.010498","0.009882","840.80M","6.31%"
"Oct 31, 2020","0.009875","0.010080","0.010309","0.009875","670.30M","-2.02%"
"Oct 30, 2020","0.010079","0.010175","0.010180","0.009703","1.21B","-1.12%"
"Oct 29, 2020","0.010193","0.010640","0.010817","0.010193","1.04B","-4.22%"
"Oct 28, 2020","0.010642","0.011370","0.011370","0.010642","1.10B","-6.46%"
"Oct 27, 2020","0.011377","0.011368","0.011585","0.011248","1.09B","0.04%"
"Oct 26, 2020","0.011373","0.011790","0.011909","0.011223","963.28M","-3.44%"
"Oct 25, 2020","0.011778","0.012272","0.012397","0.011778","777.47M","-4.10%"
"Oct 24, 2020","0.012282","0.012230","0.012335","0.012084","682.13M","0.52%"
"Oct 23, 2020","0.012218","0.012142","0.012467","0.011856","1.26B","0.52%"
"Oct 22, 2020","0.012155","0.011330","0.012367","0.011221","1.58B","7.05%"
"Oct 21, 2020","0.011354","0.010774","0.011445","0.010774","991.61M","5.31%"
"Oct 20, 2020","0.010781","0.011388","0.011388","0.010778","823.41M","-5.38%"
"Oct 19, 2020","0.011394","0.011651","0.011651","0.011369","804.93M","-2.05%"
"Oct 18, 2020","0.011632","0.010985","0.011693","0.010985","944.45M","5.86%"
"Oct 17, 2020","0.010988","0.010591","0.010988","0.010591","611.66M","3.84%"
"Oct 16, 2020","0.010582","0.010956","0.011027","0.010560","874.72M","-3.48%"
"Oct 15, 2020","0.010963","0.011135","0.011167","0.010874","793.47M","-1.53%"
"Oct 14, 2020","0.011133","0.011501","0.011501","0.010823","1.30B","-3.04%"
"Oct 13, 2020","0.011482","0.011380","0.011680","0.011380","1.12B","0.84%"
"Oct 12, 2020","0.011386","0.011427","0.011763","0.011059","1.79B","-0.43%"
"Oct 11, 2020","0.011435","0.011395","0.011639","0.011395","1.15B","0.31%"
"Oct 10, 2020","0.011400","0.011480","0.011933","0.011400","1.48B","-0.61%"
"Oct 09, 2020","0.011470","0.010986","0.011683","0.010955","1.65B","4.19%"
"Oct 08, 2020","0.011009","0.011227","0.011325","0.010753","2.08B","-2.13%"
"Oct 07, 2020","0.011249","0.010109","0.011249","0.010005","2.22B","11.24%"
"Oct 06, 2020","0.010112","0.011372","0.011372","0.010112","2.08B","-11.17%"
"Oct 05, 2020","0.011383","0.011649","0.011863","0.011301","1.13B","-2.38%"
"Oct 04, 2020","0.011661","0.011730","0.011815","0.011498","1.02B","-0.61%"
"Oct 03, 2020","0.011732","0.011865","0.012109","0.011732","868.80M","-1.08%"
"Oct 02, 2020","0.011860","0.012695","0.012777","0.011860","1.80B","-6.89%"
"Oct 01, 2020","0.012738","0.013537","0.013547","0.012679","1.31B","-5.86%"
"Sep 30, 2020","0.013531","0.013183","0.013531","0.012819","1.41B","2.75%"
"Sep 29, 2020","0.013169","0.012762","0.013169","0.012490","1.61B","2.97%"
"Sep 28, 2020","0.012789","0.012760","0.013320","0.012760","1.71B","0.38%"
"Sep 27, 2020","0.012741","0.012845","0.012980","0.012407","970.89M","-0.80%"
"Sep 26, 2020","0.012844","0.012899","0.013163","0.012534","1.12B","-0.50%"
"Sep 25, 2020","0.012909","0.012378","0.013147","0.011894","1.95B","4.23%"
"Sep 24, 2020","0.012385","0.011381","0.012429","0.011381","1.40B","9.03%"
"Sep 23, 2020","0.011359","0.012326","0.012326","0.011351","2.29B","-8.00%"
"Sep 22, 2020","0.012347","0.012618","0.012863","0.012347","1.53B","-2.02%"
"Sep 21, 2020","0.012601","0.014439","0.014750","0.012554","2.80B","-12.89%"
"Sep 20, 2020","0.014466","0.015250","0.015640","0.014235","1.62B","-5.27%"
"Sep 19, 2020","0.015270","0.014367","0.015270","0.013942","1.66B","5.82%"
"Sep 18, 2020","0.014430","0.013514","0.014827","0.013486","2.60B","6.82%"
"Sep 17, 2020","0.013509","0.012428","0.013510","0.012428","1.73B","8.56%"
"Sep 16, 2020","0.012444","0.012564","0.012564","0.012205","1.44B","-0.99%"
"Sep 15, 2020","0.012569","0.012852","0.013362","0.012569","1.43B","-2.13%"
"Sep 14, 2020","0.012842","0.012775","0.013083","0.012575","1.25B","0.27%"
"Sep 13, 2020","0.012808","0.013433","0.013752","0.012457","1.71B","-4.60%"
"Sep 12, 2020","0.013425","0.013247","0.013425","0.013068","966.87M","1.37%"
"Sep 11, 2020","0.013243","0.012986","0.013270","0.012619","1.34B","1.87%"
"Sep 10, 2020","0.013000","0.012831","0.013419","0.012831","1.79B","1.29%"
"Sep 09, 2020","0.012835","0.012120","0.012979","0.011720","1.96B","5.92%"
"Sep 08, 2020","0.012118","0.012218","0.013120","0.012034","2.91B","-0.67%"
"Sep 07, 2020","0.012200","0.012368","0.012393","0.011082","2.72B","-1.25%"
"Sep 06, 2020","0.012354","0.012071","0.012770","0.011439","2.67B","2.17%"
"Sep 05, 2020","0.012092","0.014305","0.014497","0.011844","4.18B","-15.14%"
"Sep 04, 2020","0.014249","0.012364","0.014500","0.012364","4.66B","15.35%"
"Sep 03, 2020","0.012353","0.015965","0.016664","0.012353","3.42B","-22.74%"
"Sep 02, 2020","0.015988","0.016990","0.016995","0.015724","1.53B","-5.92%"
"Sep 01, 2020","0.016994","0.017371","0.017576","0.016786","1.60B","-2.33%"
"Aug 31, 2020","0.017399","0.017113","0.018630","0.017113","2.63B","1.59%"
"Aug 30, 2020","0.017126","0.016743","0.017372","0.016743","1.16B","1.97%"
"Aug 29, 2020","0.016795","0.016318","0.017169","0.016143","954.29M","2.93%"
"Aug 28, 2020","0.016317","0.015943","0.016625","0.015943","793.83M","2.40%"
"Aug 27, 2020","0.015935","0.017113","0.017200","0.015653","1.24B","-6.86%"
"Aug 26, 2020","0.017109","0.016880","0.017373","0.016734","1.01B","1.34%"
"Aug 25, 2020","0.016883","0.018157","0.018157","0.016382","1.28B","-7.08%"
"Aug 24, 2020","0.018170","0.017900","0.018482","0.017717","678.64M","1.57%"
"Aug 23, 2020","0.017890","0.018177","0.018186","0.017870","643.76M","-1.58%"
"Aug 22, 2020","0.018177","0.017949","0.018229","0.017568","1.12B","1.30%"
"Aug 21, 2020","0.017943","0.019384","0.019661","0.017943","1.78B","-7.45%"
"Aug 20, 2020","0.019388","0.017848","0.019388","0.017848","1.53B","8.65%"
"Aug 19, 2020","0.017845","0.019110","0.019326","0.017562","2.33B","-6.63%"
"Aug 18, 2020","0.019113","0.020064","0.020064","0.018950","1.66B","-4.53%"
"Aug 17, 2020","0.020020","0.019840","0.020602","0.019584","1.92B","0.90%"
"Aug 16, 2020","0.019842","0.019534","0.019842","0.019272","1.11B","1.52%"
"Aug 15, 2020","0.019545","0.020513","0.020513","0.019545","1.18B","-4.69%"
"Aug 14, 2020","0.020507","0.019643","0.020640","0.019643","1.41B","4.64%"
"Aug 13, 2020","0.019598","0.020449","0.020449","0.019407","1.76B","-4.06%"
"Aug 12, 2020","0.020427","0.019926","0.020540","0.019184","1.71B","2.28%"
"Aug 11, 2020","0.019971","0.021424","0.021619","0.019513","2.14B","-6.80%"
"Aug 10, 2020","0.021429","0.021935","0.021935","0.020948","2.37B","-2.24%"
"Aug 09, 2020","0.021920","0.020819","0.022401","0.020528","2.78B","5.29%"
"Aug 08, 2020","0.020818","0.018670","0.020842","0.018670","2.06B","11.50%"
"Aug 07, 2020","0.018671","0.019715","0.019990","0.018576","2.36B","-5.33%"
"Aug 06, 2020","0.019722","0.018730","0.019914","0.018730","2.66B","4.94%"
"Aug 05, 2020","0.018793","0.018730","0.019170","0.018048","2.72B","0.41%"
"Aug 04, 2020","0.018717","0.016700","0.018717","0.016700","2.36B","12.19%"
"Aug 03, 2020","0.016684","0.016208","0.016684","0.016208","953.94M","2.99%"
"Aug 02, 2020","0.016199","0.017335","0.017335","0.015964","2.26B","-6.48%"
"Aug 01, 2020","0.017321","0.017252","0.017349","0.016911","1.92B","0.68%"
"Jul 31, 2020","0.017204","0.017366","0.017739","0.017204","3.06B","-0.64%"
"Jul 30, 2020","0.017315","0.015429","0.017501","0.015429","2.56B","11.03%"
"Jul 29, 2020","0.015595","0.015980","0.016288","0.015435","1.54B","-2.45%"
"Jul 28, 2020","0.015986","0.015647","0.016221","0.015646","1.99B","2.25%"
"Jul 27, 2020","0.015634","0.017554","0.017554","0.015405","3.60B","-10.98%"
"Jul 26, 2020","0.017563","0.018212","0.018380","0.017502","1.30B","-3.60%"
"Jul 25, 2020","0.018218","0.016983","0.018218","0.016983","1.65B","7.20%"
"Jul 24, 2020","0.016995","0.017373","0.017373","0.016992","895.86M","-2.28%"
"Jul 23, 2020","0.017392","0.017479","0.017701","0.017335","1.03B","-0.44%"
"Jul 22, 2020","0.017468","0.017500","0.017675","0.017112","1.24B","-0.11%"
"Jul 21, 2020","0.017488","0.016074","0.017635","0.016074","3.25B","8.72%"
"Jul 20, 2020","0.016085","0.018047","0.018047","0.016085","2.51B","-10.74%"
"Jul 19, 2020","0.018021","0.018162","0.018283","0.017698","1.30B","-0.89%"
"Jul 18, 2020","0.018182","0.018211","0.018516","0.018165","935.80M","-0.18%"
"Jul 17, 2020","0.018215","0.018045","0.018865","0.018045","1.62B","0.93%"
"Jul 16, 2020","0.018048","0.019015","0.019208","0.017844","2.44B","-4.96%"
"Jul 15, 2020","0.018989","0.018471","0.019367","0.018471","2.72B","2.97%"
"Jul 14, 2020","0.018442","0.018461","0.018649","0.017553","2.20B","-0.09%"
"Jul 13, 2020","0.018459","0.018175","0.019375","0.018175","4.26B","1.67%"
"Jul 12, 2020","0.018155","0.018502","0.018502","0.017690","2.35B","-2.04%"
"Jul 11, 2020","0.018534","0.017119","0.018602","0.016856","4.03B","8.20%"
"Jul 10, 2020","0.017130","0.018229","0.018876","0.015336","8.67B","-6.06%"
"Jul 09, 2020","0.018236","0.019910","0.019910","0.017798","6.99B","-8.71%"
"Jul 08, 2020","0.019975","0.017319","0.020203","0.017280","10.98B","15.26%"
"Jul 07, 2020","0.017330","0.014422","0.017330","0.014422","4.70B","20.12%"
"Jul 06, 2020","0.014427","0.014307","0.015259","0.014307","6.49B","0.68%"
"Jul 05, 2020","0.014330","0.012502","0.016436","0.011933","12.84B","14.37%"
"Jul 04, 2020","0.012530","0.010216","0.012992","0.010167","5.50B","22.42%"
"Jul 03, 2020","0.010235","0.009574","0.010475","0.009504","3.41B","7.11%"
"Jul 02, 2020","0.009556","0.009432","0.009760","0.009153","2.79B","1.29%"
"Jul 01, 2020","0.009434","0.008844","0.009501","0.008680","2.06B","6.79%"
"Jun 30, 2020","0.008834","0.008686","0.008863","0.008585","871.42M","1.67%"
"Jun 29, 2020","0.008689","0.008690","0.008853","0.008465","1.29B","-0.05%"
"Jun 28, 2020","0.008693","0.008608","0.008807","0.008416","1.15B","0.87%"
"Jun 27, 2020","0.008618","0.008949","0.009166","0.008307","1.71B","-3.67%"
"Jun 26, 2020","0.008946","0.008877","0.009025","0.008762","1.24B","0.72%"
"Jun 25, 2020","0.008882","0.008996","0.009187","0.008612","1.72B","-1.17%"
"Jun 24, 2020","0.008987","0.008901","0.009266","0.008679","1.92B","0.94%"
"Jun 23, 2020","0.008903","0.009302","0.009365","0.008866","1.75B","-4.07%"
"Jun 22, 2020","0.009281","0.008613","0.009422","0.008585","2.16B","7.59%"
"Jun 21, 2020","0.008626","0.008300","0.008852","0.008294","1.68B","3.89%"
"Jun 20, 2020","0.008303","0.008379","0.008460","0.008100","1.21B","-0.92%"
"Jun 19, 2020","0.008380","0.008660","0.008701","0.008323","1.53B","-3.31%"
"Jun 18, 2020","0.008667","0.009023","0.009038","0.008413","1.69B","-3.83%"
"Jun 17, 2020","0.009012","0.009078","0.009230","0.008669","2.42B","-0.60%"
"Jun 16, 2020","0.009066","0.009001","0.009408","0.008803","3.04B","0.32%"
"Jun 15, 2020","0.009037","0.008637","0.009240","0.007708","5.37B","4.59%"
"Jun 14, 2020","0.008640","0.009617","0.009617","0.008460","3.45B","-9.97%"
"Jun 13, 2020","0.009597","0.009701","0.009855","0.009282","2.27B","-1.16%"
"Jun 12, 2020","0.009710","0.008716","0.009906","0.008653","4.93B","10.82%"
"Jun 11, 2020","0.008762","0.009019","0.010530","0.008709","11.48B","-2.74%"
"Jun 10, 2020","0.009009","0.008187","0.009083","0.007900","4.45B","10.12%"
"Jun 09, 2020","0.008181","0.007785","0.008280","0.007601","2.08B","5.10%"
"Jun 08, 2020","0.007784","0.007253","0.007807","0.007166","1.87B","7.51%"
"Jun 07, 2020","0.007240","0.007301","0.007434","0.006920","1.84B","-1.00%"
"Jun 06, 2020","0.007313","0.006697","0.007359","0.006603","1.90B","9.08%"
"Jun 05, 2020","0.006704","0.006732","0.007046","0.006660","1.47B","-0.42%"
"Jun 04, 2020","0.006732","0.007108","0.007239","0.006594","2.06B","-5.17%"
"Jun 03, 2020","0.007099","0.007256","0.007492","0.006840","3.07B","-2.07%"
"Jun 02, 2020","0.007249","0.006662","0.007732","0.006542","5.67B","8.89%"
"Jun 01, 2020","0.006657","0.006216","0.006869","0.006200","2.92B","6.68%"
"May 31, 2020","0.006240","0.006219","0.006936","0.006026","4.15B","0.22%"
"May 30, 2020","0.006226","0.005564","0.006248","0.005509","2.48B","12.24%"
"May 29, 2020","0.005547","0.005516","0.005630","0.005301","2.01B","0.69%"
"May 28, 2020","0.005509","0.004896","0.005550","0.004877","2.94B","12.52%"
"May 27, 2020","0.004896","0.004871","0.004998","0.004789","1.48B","0.49%"
"May 26, 2020","0.004872","0.005070","0.005087","0.004700","2.13B","-3.79%"
"May 25, 2020","0.005064","0.004450","0.005121","0.004407","3.06B","13.26%"
"May 24, 2020","0.004471","0.004609","0.004800","0.004471","1.40B","-2.99%"
"May 23, 2020","0.004609","0.004641","0.004785","0.004529","1.20B","-0.69%"
"May 22, 2020","0.004641","0.004226","0.004750","0.004182","1.99B","9.54%"
"May 21, 2020","0.004237","0.004514","0.004567","0.004097","1.39B","-6.36%"
"May 20, 2020","0.004525","0.004516","0.004645","0.004380","1.22B","-0.20%"
"May 19, 2020","0.004534","0.004487","0.004541","0.004378","1.15B","1.05%"
"May 18, 2020","0.004487","0.004428","0.004631","0.004415","1.28B","1.38%"
"May 17, 2020","0.004426","0.004448","0.004580","0.004401","946.78M","-0.58%"
"May 16, 2020","0.004452","0.004377","0.004486","0.004358","1.03B","1.71%"
"May 15, 2020","0.004377","0.004498","0.004554","0.004357","1.12B","-2.60%"
"May 14, 2020","0.004494","0.004468","0.004553","0.004384","1.53B","0.78%"
"May 13, 2020","0.004459","0.004240","0.004529","0.004179","1.12B","5.07%"
"May 12, 2020","0.004244","0.004103","0.004286","0.004017","1.62B","3.34%"
"May 11, 2020","0.004107","0.004166","0.004252","0.003886","2.09B","-1.68%"
"May 10, 2020","0.004177","0.004545","0.004554","0.003776","2.86B","-8.12%"
"May 09, 2020","0.004546","0.004781","0.004950","0.004544","1.58B","-4.88%"
"May 08, 2020","0.004779","0.004516","0.004859","0.004511","1.99B","6.01%"
"May 07, 2020","0.004508","0.004242","0.004569","0.004216","2.07B","6.25%"
"May 06, 2020","0.004243","0.004425","0.004515","0.004233","1.95B","-4.00%"
"May 05, 2020","0.004420","0.004450","0.004478","0.004228","1.54B","-0.61%"
"May 04, 2020","0.004447","0.004327","0.004614","0.004053","2.55B","2.63%"
"May 03, 2020","0.004333","0.004515","0.004597","0.004260","1.38B","-4.01%"
"May 02, 2020","0.004514","0.004436","0.004538","0.004400","850.69M","1.76%"
"May 01, 2020","0.004436","0.004359","0.004649","0.004359","1.57B","1.86%"
"Apr 30, 2020","0.004355","0.004766","0.004843","0.004230","2.85B","-8.53%"
"Apr 29, 2020","0.004761","0.004286","0.004859","0.004279","2.71B","10.72%"
"Apr 28, 2020","0.004300","0.004356","0.004451","0.004287","876.07M","-1.29%"
"Apr 27, 2020","0.004356","0.004481","0.004530","0.004250","1.43B","-2.57%"
"Apr 26, 2020","0.004471","0.004210","0.004525","0.004167","1.70B","6.05%"
"Apr 25, 2020","0.004216","0.004085","0.004300","0.004023","1.55B","3.28%"
"Apr 24, 2020","0.004082","0.003953","0.004148","0.003932","1.32B","3.29%"
"Apr 23, 2020","0.003952","0.003898","0.004095","0.003779","1.58B","1.49%"
"Apr 22, 2020","0.003894","0.003670","0.003941","0.003663","998.59M","5.90%"
"Apr 21, 2020","0.003677","0.003631","0.003773","0.003627","1.16B","0.88%"
"Apr 20, 2020","0.003645","0.003904","0.004022","0.003591","1.63B","-6.63%"
"Apr 19, 2020","0.003904","0.003971","0.004021","0.003827","924.06M","-1.61%"
"Apr 18, 2020","0.003968","0.003786","0.004019","0.003786","781.81M","4.89%"
"Apr 17, 2020","0.003783","0.003826","0.003876","0.003744","766.64M","-1.18%"
"Apr 16, 2020","0.003828","0.003642","0.003890","0.003512","1.93B","4.65%"
"Apr 15, 2020","0.003658","0.003667","0.003854","0.003582","1.46B","-0.22%"
"Apr 14, 2020","0.003666","0.003611","0.003759","0.003539","1.00B","1.58%"
"Apr 13, 2020","0.003609","0.003672","0.003672","0.003449","1.22B","-2.06%"
"Apr 12, 2020","0.003685","0.003679","0.003839","0.003566","912.61M","0.14%"
"Apr 11, 2020","0.003680","0.003611","0.003749","0.003555","1.11B","1.97%"
"Apr 10, 2020","0.003609","0.003867","0.003867","0.003475","1.62B","-6.65%"
"Apr 09, 2020","0.003866","0.003978","0.004004","0.003793","1.12B","-2.79%"
"Apr 08, 2020","0.003977","0.003868","0.004038","0.003808","1.85B","2.76%"
"Apr 07, 2020","0.003870","0.003643","0.004468","0.003568","4.58B","6.20%"
"Apr 06, 2020","0.003644","0.003230","0.003671","0.003230","1.84B","12.71%"
"Apr 05, 2020","0.003233","0.003250","0.003275","0.003169","611.46M","-0.37%"
"Apr 04, 2020","0.003245","0.003260","0.003293","0.003183","1.27B","-0.46%"
"Apr 03, 2020","0.003260","0.003226","0.003292","0.003172","1.15B","0.99%"
"Apr 02, 2020","0.003228","0.003176","0.003433","0.003104","1.79B","2.38%"
"Apr 01, 2020","0.003153","0.003108","0.003171","0.002953","1.36B","1.45%"
"Mar 31, 2020","0.003108","0.002933","0.003279","0.002920","1.96B","5.93%"
"Mar 30, 2020","0.002934","0.002726","0.003037","0.002707","1.62B","7.51%"
"Mar 29, 2020","0.002729","0.002968","0.002980","0.002713","995.47M","-8.08%"
"Mar 28, 2020","0.002969","0.002978","0.003034","0.002850","1.57B","-1.03%"
"Mar 27, 2020","0.003000","0.003077","0.003514","0.002993","2.78B","-2.66%"
"Mar 26, 2020","0.003082","0.003077","0.003107","0.003001","1.04B","0.85%"
"Mar 25, 2020","0.003056","0.003040","0.003209","0.002950","1.64B","-0.13%"
"Mar 24, 2020","0.003060","0.002870","0.003085","0.002827","1.63B","7.29%"
"Mar 23, 2020","0.002852","0.002585","0.002920","0.002555","1.98B","9.27%"
"Mar 22, 2020","0.002610","0.002881","0.003040","0.002584","1.51B","-9.91%"
"Mar 21, 2020","0.002897","0.002846","0.002987","0.002676","1.62B","1.68%"
"Mar 20, 2020","0.002849","0.002913","0.003127","0.002640","2.62B","-2.00%"
"Mar 19, 2020","0.002907","0.002548","0.003047","0.002534","2.11B","14.54%"
"Mar 18, 2020","0.002538","0.002484","0.002542","0.002292","1.44B","2.59%"
"Mar 17, 2020","0.002474","0.002265","0.002566","0.002208","2.51B","9.47%"
"Mar 16, 2020","0.002260","0.002520","0.002530","0.001959","4.29B","-10.46%"
"Mar 15, 2020","0.002524","0.002556","0.002807","0.002436","2.23B","-0.83%"
"Mar 14, 2020","0.002545","0.002803","0.002833","0.002486","2.17B","-9.78%"
"Mar 13, 2020","0.002821","0.002272","0.003088","0.001570","5.33B","23.46%"
"Mar 12, 2020","0.002285","0.004465","0.004495","0.002170","4.69B","-48.76%"
"Mar 11, 2020","0.004459","0.004694","0.004751","0.004114","1.57B","-4.86%"
"Mar 10, 2020","0.004687","0.004685","0.004933","0.004573","1.79B","0.26%"
"Mar 09, 2020","0.004675","0.004703","0.004879","0.004378","3.02B","-0.51%"
"Mar 08, 2020","0.004699","0.005766","0.005788","0.004673","1.68B","-18.87%"
"Mar 07, 2020","0.005792","0.006139","0.006180","0.005673","878.72M","-5.70%"
"Mar 06, 2020","0.006142","0.006125","0.006192","0.005979","594.94M","0.23%"
"Mar 05, 2020","0.006128","0.006035","0.006316","0.006035","711.80M","1.47%"
"Mar 04, 2020","0.006039","0.005773","0.006146","0.005734","874.42M","4.54%"
"Mar 03, 2020","0.005777","0.005838","0.005855","0.005626","621.32M","-0.89%"
"Mar 02, 2020","0.005829","0.005406","0.005860","0.005391","781.71M","7.37%"
"Mar 01, 2020","0.005429","0.005616","0.005779","0.005341","905.02M","-3.35%"
"Feb 29, 2020","0.005617","0.005750","0.005888","0.005617","589.68M","-2.38%"
"Feb 28, 2020","0.005754","0.005811","0.005915","0.005355","1.15B","-0.86%"
"Feb 27, 2020","0.005804","0.005553","0.005947","0.005214","1.93B","4.43%"
"Feb 26, 2020","0.005558","0.006208","0.006272","0.005353","2.17B","-10.47%"
"Feb 25, 2020","0.006208","0.006715","0.006718","0.006149","1.22B","-7.52%"
"Feb 24, 2020","0.006713","0.006958","0.007284","0.006653","1.36B","-3.81%"
"Feb 23, 2020","0.006979","0.006590","0.006979","0.006589","465.36M","5.77%"
"Feb 22, 2020","0.006598","0.006633","0.006670","0.006440","495.60M","-0.54%"
"Feb 21, 2020","0.006634","0.006496","0.006831","0.006448","803.80M","2.28%"
"Feb 20, 2020","0.006486","0.006468","0.006574","0.006369","1.12B","0.02%"
"Feb 19, 2020","0.006485","0.007058","0.007174","0.006326","1.01B","-8.08%"
"Feb 18, 2020","0.007055","0.006772","0.007245","0.006618","1.46B","4.56%"
"Feb 17, 2020","0.006747","0.007078","0.007136","0.006275","1.91B","-4.92%"
"Feb 16, 2020","0.007096","0.007469","0.007675","0.006567","2.01B","-4.93%"
"Feb 15, 2020","0.007464","0.008329","0.008435","0.007272","1.88B","-10.10%"
"Feb 14, 2020","0.008303","0.008070","0.008395","0.007600","1.58B","3.01%"
"Feb 13, 2020","0.008060","0.007466","0.008178","0.007445","2.32B","7.90%"
"Feb 12, 2020","0.007470","0.007505","0.007911","0.007380","2.08B","-0.20%"
"Feb 11, 2020","0.007485","0.006510","0.007498","0.006383","1.75B","14.98%"
"Feb 10, 2020","0.006510","0.006825","0.006881","0.006371","1.11B","-4.59%"
"Feb 09, 2020","0.006823","0.006674","0.006877","0.006657","616.88M","2.31%"
"Feb 08, 2020","0.006669","0.006817","0.006824","0.006498","866.02M","-2.21%"
"Feb 07, 2020","0.006820","0.006803","0.006969","0.006657","1.04B","0.29%"
"Feb 06, 2020","0.006800","0.006473","0.006943","0.006390","1.10B","5.07%"
"Feb 05, 2020","0.006472","0.006527","0.006662","0.006354","1.13B","-0.92%"
"Feb 04, 2020","0.006532","0.006303","0.006629","0.006228","1.29B","3.57%"
"Feb 03, 2020","0.006307","0.006229","0.006398","0.006100","746.96M","1.06%"
"Feb 02, 2020","0.006241","0.005996","0.006442","0.005850","1.14B","4.10%"
"Feb 01, 2020","0.005995","0.005777","0.006164","0.005773","1.33B","3.97%"
"Jan 31, 2020","0.005766","0.005687","0.005827","0.005501","886.24M","1.46%"
"Jan 30, 2020","0.005683","0.005730","0.005811","0.005658","786.89M","-0.87%"
"Jan 29, 2020","0.005733","0.005799","0.005879","0.005678","612.62M","-1.29%"
"Jan 28, 2020","0.005808","0.005744","0.005882","0.005744","648.71M","1.06%"
"Jan 27, 2020","0.005747","0.005740","0.005888","0.005645","541.74M","0.30%"
"Jan 26, 2020","0.005730","0.005603","0.005742","0.005536","305.92M","1.99%"
"Jan 25, 2020","0.005618","0.005578","0.005661","0.005485","217.90M","0.68%"
"Jan 24, 2020","0.005580","0.005610","0.005652","0.005484","433.80M","-0.48%"
"Jan 23, 2020","0.005607","0.005863","0.005865","0.005462","704.21M","-4.37%"
"Jan 22, 2020","0.005863","0.005971","0.006000","0.005825","269.55M","-1.69%"
"Jan 21, 2020","0.005964","0.005819","0.006006","0.005759","513.45M","2.58%"
"Jan 20, 2020","0.005814","0.005862","0.005970","0.005710","482.08M","-0.82%"
"Jan 19, 2020","0.005862","0.006239","0.006297","0.005790","969.31M","-6.04%"
"Jan 18, 2020","0.006239","0.006391","0.006391","0.006095","621.98M","-2.44%"
"Jan 17, 2020","0.006395","0.005894","0.006577","0.005832","1.48B","8.67%"
"Jan 16, 2020","0.005885","0.006007","0.006043","0.005710","769.85M","-1.97%"
"Jan 15, 2020","0.006003","0.005972","0.006239","0.005758","1.49B","0.28%"
"Jan 14, 2020","0.005986","0.005407","0.006046","0.005406","1.74B","10.71%"
"Jan 13, 2020","0.005407","0.005527","0.005527","0.005357","291.75M","-2.14%"
"Jan 12, 2020","0.005525","0.005525","0.005594","0.005431","544.17M","-0.22%"
"Jan 11, 2020","0.005537","0.005451","0.005550","0.005353","611.36M","1.50%"
"Jan 10, 2020","0.005455","0.005328","0.005579","0.005294","716.60M","2.46%"
"Jan 09, 2020","0.005324","0.005492","0.005492","0.005309","414.88M","-2.97%"
"Jan 08, 2020","0.005487","0.005576","0.005614","0.005205","1.08B","-1.65%"
"Jan 07, 2020","0.005579","0.005735","0.005782","0.005458","794.04M","-2.70%"
"Jan 06, 2020","0.005734","0.005461","0.005737","0.005443","916.78M","4.92%"
"Jan 05, 2020","0.005465","0.005620","0.005699","0.005428","531.16M","-2.93%"
"Jan 04, 2020","0.005630","0.005327","0.005670","0.005290","533.24M","5.87%"
"Jan 03, 2020","0.005318","0.005094","0.005446","0.005020","601.85M","4.40%"
"Jan 02, 2020","0.005094","0.005358","0.005405","0.005072","417.08M","-4.93%"
"Jan 01, 2020","0.005358","0.005245","0.005496","0.005230","453.37M","2.21%"
"Dec 31, 2019","0.005242","0.005418","0.005444","0.005160","489.90M","-3.37%"
"Dec 30, 2019","0.005425","0.005564","0.005640","0.005421","547.49M","-2.64%"
"Dec 29, 2019","0.005572","0.005672","0.005843","0.005565","779.45M","-1.66%"
"Dec 28, 2019","0.005666","0.005666","0.005772","0.005552","585.29M","0.02%"
"Dec 27, 2019","0.005665","0.005483","0.005767","0.005326","826.17M","3.28%"
"Dec 26, 2019","0.005485","0.005848","0.005848","0.005430","1.09B","-6.21%"
"Dec 25, 2019","0.005848","0.005976","0.006076","0.005783","759.72M","-2.11%"
"Dec 24, 2019","0.005974","0.005919","0.006265","0.005788","1.58B","0.88%"
"Dec 23, 2019","0.005922","0.005514","0.006148","0.005459","1.47B","7.40%"
"Dec 22, 2019","0.005514","0.005317","0.005623","0.005286","694.71M","3.72%"
"Dec 21, 2019","0.005316","0.005396","0.005547","0.005275","528.02M","-1.46%"
"Dec 20, 2019","0.005395","0.005047","0.005554","0.004972","1.08B","6.83%"
"Dec 19, 2019","0.005050","0.005309","0.005375","0.004898","767.22M","-4.90%"
"Dec 18, 2019","0.005310","0.004644","0.005387","0.004459","1.79B","14.79%"
"Dec 17, 2019","0.004626","0.005034","0.005083","0.004551","1.32B","-8.29%"
"Dec 16, 2019","0.005044","0.005571","0.005597","0.004987","814.40M","-9.43%"
"Dec 15, 2019","0.005569","0.005452","0.005683","0.005230","1.03B","2.16%"
"Dec 14, 2019","0.005451","0.005887","0.005955","0.005340","1.25B","-7.52%"
"Dec 13, 2019","0.005894","0.006211","0.006682","0.005698","2.41B","-5.15%"
"Dec 12, 2019","0.006214","0.006080","0.006314","0.005796","1.06B","2.39%"
"Dec 11, 2019","0.006069","0.006213","0.006383","0.006030","916.51M","-2.36%"
"Dec 10, 2019","0.006216","0.006829","0.006849","0.005941","1.95B","-8.99%"
"Dec 09, 2019","0.006830","0.007127","0.007370","0.006766","1.13B","-4.17%"
"Dec 08, 2019","0.007127","0.006802","0.007300","0.006641","1.43B","4.73%"
"Dec 07, 2019","0.006805","0.006951","0.007271","0.006800","1.23B","-2.09%"
"Dec 06, 2019","0.006950","0.006869","0.006997","0.006517","1.86B","1.12%"
"Dec 05, 2019","0.006873","0.006893","0.007107","0.006646","2.33B","-0.38%"
"Dec 04, 2019","0.006899","0.006969","0.007758","0.006765","3.35B","-0.95%"
"Dec 03, 2019","0.006965","0.007418","0.007615","0.006785","2.70B","-6.14%"
"Dec 02, 2019","0.007421","0.007119","0.007975","0.007117","4.57B","4.51%"
"Dec 01, 2019","0.007101","0.006051","0.007215","0.005766","3.43B","16.66%"
"Nov 30, 2019","0.006087","0.006479","0.006479","0.005970","1.07B","-5.86%"
"Nov 29, 2019","0.006466","0.006342","0.006515","0.006202","1.13B","1.79%"
"Nov 28, 2019","0.006352","0.006496","0.006665","0.006282","1.24B","-2.34%"
"Nov 27, 2019","0.006504","0.006336","0.006640","0.005870","3.15B","2.70%"
"Nov 26, 2019","0.006333","0.005825","0.006382","0.005707","2.64B","8.96%"
"Nov 25, 2019","0.005812","0.005233","0.006003","0.004991","3.59B","11.23%"
"Nov 24, 2019","0.005225","0.005756","0.006090","0.005149","3.86B","-9.19%"
"Nov 23, 2019","0.005754","0.005170","0.005806","0.004916","2.94B","11.25%"
"Nov 22, 2019","0.005172","0.005731","0.005853","0.004650","3.95B","-9.66%"
"Nov 21, 2019","0.005725","0.006132","0.006216","0.005560","2.18B","-6.45%"
"Nov 20, 2019","0.006120","0.006880","0.006880","0.006031","2.54B","-11.01%"
"Nov 19, 2019","0.006877","0.007388","0.007388","0.006626","2.05B","-7.16%"
"Nov 18, 2019","0.007407","0.007661","0.007661","0.007089","2.12B","-3.26%"
"Nov 17, 2019","0.007657","0.007266","0.007668","0.007120","1.55B","5.44%"
"Nov 16, 2019","0.007262","0.007817","0.007817","0.007212","2.60B","-7.04%"
"Nov 15, 2019","0.007812","0.007294","0.008094","0.006721","4.78B","7.00%"
"Nov 14, 2019","0.007301","0.006279","0.007560","0.006166","2.78B","16.28%"
"Nov 13, 2019","0.006279","0.006557","0.006557","0.006127","1.37B","-3.92%"
"Nov 12, 2019","0.006535","0.006055","0.006740","0.005958","2.54B","7.93%"
"Nov 11, 2019","0.006055","0.005737","0.006153","0.005436","1.73B","5.49%"
"Nov 10, 2019","0.005740","0.005122","0.005785","0.005094","1.15B","12.07%"
"Nov 09, 2019","0.005122","0.005300","0.005300","0.005071","945.10M","-3.54%"
"Nov 08, 2019","0.005310","0.005610","0.005924","0.005234","1.60B","-5.16%"
"Nov 07, 2019","0.005599","0.005235","0.005862","0.005022","2.36B","6.89%"
"Nov 06, 2019","0.005238","0.004882","0.005321","0.004882","1.14B","7.09%"
"Nov 05, 2019","0.004891","0.004391","0.005029","0.004355","1.09B","11.41%"
"Nov 04, 2019","0.004390","0.004234","0.004446","0.004171","397.78M","3.68%"
"Nov 03, 2019","0.004234","0.004204","0.004372","0.004148","354.13M","0.69%"
"Nov 02, 2019","0.004205","0.003981","0.004298","0.003971","414.42M","5.63%"
"Nov 01, 2019","0.003981","0.004097","0.004120","0.003936","300.93M","-2.83%"
"Oct 31, 2019","0.004097","0.004137","0.004189","0.003899","458.54M","-1.04%"
"Oct 30, 2019","0.004140","0.004220","0.004380","0.003865","999.12M","-1.90%"
"Oct 29, 2019","0.004220","0.003811","0.004300","0.003811","715.93M","11.05%"
"Oct 28, 2019","0.003800","0.004127","0.004789","0.003800","940.39M","-7.83%"
"Oct 27, 2019","0.004123","0.003380","0.004349","0.003301","813.68M","22.49%"
"Oct 26, 2019","0.003366","0.003376","0.003714","0.003255","361.87M","-0.30%"
"Oct 25, 2019","0.003376","0.002998","0.003419","0.002971","273.78M","12.61%"
"Oct 24, 2019","0.002998","0.002995","0.003009","0.002908","86.04M","0.10%"
"Oct 23, 2019","0.002995","0.003258","0.003280","0.002905","132.82M","-8.07%"
"Oct 22, 2019","0.003258","0.003326","0.003352","0.003245","71.96M","-2.04%"
"Oct 21, 2019","0.003326","0.003364","0.003374","0.003293","62.22M","-1.13%"
"Oct 20, 2019","0.003364","0.003336","0.003371","0.003289","71.86M","0.84%"
"Oct 19, 2019","0.003336","0.003375","0.003389","0.003313","34.65M","-1.04%"
"Oct 18, 2019","0.003371","0.003435","0.003456","0.003298","61.70M","-1.86%"
"Oct 17, 2019","0.003435","0.003320","0.003449","0.003315","89.49M","3.71%"
"Oct 16, 2019","0.003312","0.003436","0.003450","0.003300","110.77M","-3.83%"
"Oct 15, 2019","0.003444","0.003631","0.003650","0.003416","110.21M","-5.18%"
"Oct 14, 2019","0.003632","0.003584","0.003633","0.003519","92.01M","1.34%"
"Oct 13, 2019","0.003584","0.003679","0.003708","0.003570","110.05M","-2.58%"
"Oct 12, 2019","0.003679","0.003635","0.003765","0.003632","90.10M","1.21%"
"Oct 11, 2019","0.003635","0.003737","0.003770","0.003569","183.82M","-2.65%"
"Oct 10, 2019","0.003734","0.003815","0.003899","0.003682","251.45M","-2.10%"
"Oct 09, 2019","0.003814","0.003583","0.003814","0.003545","385.04M","6.39%"
"Oct 08, 2019","0.003585","0.003477","0.003610","0.003462","187.19M","3.11%"
"Oct 07, 2019","0.003477","0.003351","0.003504","0.003285","117.21M","3.76%"
"Oct 06, 2019","0.003351","0.003408","0.003428","0.003282","78.00M","-1.79%"
"Oct 05, 2019","0.003412","0.003437","0.003442","0.003360","87.98M","-0.73%"
"Oct 04, 2019","0.003437","0.003420","0.003487","0.003366","75.71M","0.50%"
"Oct 03, 2019","0.003420","0.003486","0.003492","0.003373","45.18M","-1.55%"
"Oct 02, 2019","0.003474","0.003420","0.003490","0.003365","42.13M","1.58%"
"Oct 01, 2019","0.003420","0.003483","0.003572","0.003405","70.00M","-1.58%"
"Sep 30, 2019","0.003475","0.003339","0.003497","0.003200","85.33M","4.07%"
"Sep 29, 2019","0.003339","0.003434","0.003445","0.003261","72.81M","-2.77%"
"Sep 28, 2019","0.003434","0.003390","0.003485","0.003372","105.46M","1.30%"
"Sep 27, 2019","0.003390","0.003309","0.003424","0.003200","109.32M","2.45%"
"Sep 26, 2019","0.003309","0.003397","0.003410","0.003083","152.24M","-2.73%"
"Sep 25, 2019","0.003402","0.003327","0.003491","0.003264","146.05M","1.92%"
"Sep 24, 2019","0.003338","0.003906","0.004030","0.003092","233.68M","-14.54%"
"Sep 23, 2019","0.003906","0.004035","0.004071","0.003905","77.87M","-3.34%"
"Sep 22, 2019","0.004041","0.004144","0.004144","0.003990","74.61M","-2.27%"
"Sep 21, 2019","0.004135","0.004179","0.004276","0.004115","59.09M","-1.05%"
"Sep 20, 2019","0.004179","0.004201","0.004280","0.004127","116.66M","-0.50%"
"Sep 19, 2019","0.004200","0.004280","0.004283","0.004020","204.78M","-1.87%"
"Sep 18, 2019","0.004280","0.004185","0.004416","0.004183","206.31M","2.34%"
"Sep 17, 2019","0.004182","0.004032","0.004285","0.004001","215.03M","3.67%"
"Sep 16, 2019","0.004034","0.003716","0.004339","0.003710","500.32M","8.56%"
"Sep 15, 2019","0.003716","0.003660","0.003736","0.003660","58.70M","1.53%"
"Sep 14, 2019","0.003660","0.003738","0.003741","0.003559","127.46M","-1.93%"
"Sep 13, 2019","0.003732","0.003743","0.003755","0.003617","84.42M","-0.27%"
"Sep 12, 2019","0.003742","0.003762","0.003770","0.003613","109.10M","0.29%"
"Sep 11, 2019","0.003731","0.003901","0.003956","0.003716","105.69M","-4.63%"
"Sep 10, 2019","0.003912","0.003986","0.004020","0.003858","85.06M","-1.36%"
"Sep 09, 2019","0.003966","0.003996","0.004046","0.003844","150.04M","-0.75%"
"Sep 08, 2019","0.003996","0.003838","0.004027","0.003838","87.65M","4.12%"
"Sep 07, 2019","0.003838","0.003741","0.003903","0.003715","103.06M","2.62%"
"Sep 06, 2019","0.003740","0.003914","0.003990","0.003701","181.23M","-4.45%"
"Sep 05, 2019","0.003914","0.004139","0.004159","0.003818","199.32M","-5.44%"
"Sep 04, 2019","0.004139","0.004270","0.004302","0.004086","128.95M","-3.07%"
"Sep 03, 2019","0.004270","0.004367","0.004375","0.004210","121.83M","-2.06%"
"Sep 02, 2019","0.004360","0.004102","0.004468","0.004079","235.49M","6.47%"
"Sep 01, 2019","0.004095","0.004090","0.004129","0.004028","58.57M","0.12%"
"Aug 31, 2019","0.004090","0.004075","0.004193","0.003980","66.63M","0.37%"
"Aug 30, 2019","0.004075","0.004075","0.004160","0.003962","113.77M","0.57%"
"Aug 29, 2019","0.004052","0.004234","0.004249","0.004018","129.27M","-4.39%"
"Aug 28, 2019","0.004238","0.004540","0.004699","0.004200","119.52M","-6.65%"
"Aug 27, 2019","0.004540","0.004577","0.004595","0.004480","63.36M","-0.35%"
"Aug 26, 2019","0.004556","0.004481","0.004616","0.004473","123.64M","1.67%"
"Aug 25, 2019","0.004481","0.004895","0.005003","0.004385","328.54M","-8.64%"
"Aug 24, 2019","0.004905","0.004594","0.004998","0.004504","304.47M","6.77%"
"Aug 23, 2019","0.004594","0.004465","0.004666","0.004432","128.93M","2.91%"
"Aug 22, 2019","0.004464","0.004369","0.004625","0.004200","153.76M","2.17%"
"Aug 21, 2019","0.004369","0.004550","0.004576","0.004147","161.91M","-3.98%"
"Aug 20, 2019","0.004550","0.004660","0.004669","0.004504","126.59M","-2.36%"
"Aug 19, 2019","0.004660","0.004495","0.004683","0.004484","181.27M","3.67%"
"Aug 18, 2019","0.004495","0.004454","0.004579","0.004433","186.48M","0.92%"
"Aug 17, 2019","0.004454","0.004493","0.004570","0.004361","119.49M","-0.87%"
"Aug 16, 2019","0.004493","0.004580","0.004635","0.004406","238.50M","-1.90%"
"Aug 15, 2019","0.004580","0.004630","0.004747","0.004492","127.38M","-1.04%"
"Aug 14, 2019","0.004628","0.004915","0.004939","0.004449","261.81M","-5.86%"
"Aug 13, 2019","0.004916","0.005113","0.005113","0.004830","184.21M","-3.63%"
"Aug 12, 2019","0.005101","0.005114","0.005274","0.005037","175.56M","-0.33%"
"Aug 11, 2019","0.005118","0.004910","0.005389","0.004886","267.35M","4.24%"
"Aug 10, 2019","0.004910","0.004916","0.005091","0.004770","199.40M","0.08%"
"Aug 09, 2019","0.004906","0.004975","0.005129","0.004845","271.80M","-1.72%"
"Aug 08, 2019","0.004992","0.005017","0.005084","0.004826","236.99M","-0.44%"
"Aug 07, 2019","0.005014","0.004874","0.005788","0.004826","727.73M","2.89%"
"Aug 06, 2019","0.004873","0.005235","0.005235","0.004800","439.25M","-6.83%"
"Aug 05, 2019","0.005230","0.005311","0.005382","0.005226","278.40M","-1.64%"
"Aug 04, 2019","0.005317","0.005480","0.005491","0.005292","128.68M","-2.97%"
"Aug 03, 2019","0.005480","0.005481","0.005567","0.005429","132.41M","-0.02%"
"Aug 02, 2019","0.005481","0.005404","0.005553","0.005342","134.68M","1.31%"
"Aug 01, 2019","0.005410","0.005610","0.005629","0.005268","184.74M","-3.39%"
"Jul 31, 2019","0.005600","0.005528","0.005666","0.005514","175.63M","1.30%"
"Jul 30, 2019","0.005528","0.005568","0.005641","0.005469","122.32M","-0.83%"
"Jul 29, 2019","0.005574","0.005647","0.005741","0.005549","79.96M","-1.26%"
"Jul 28, 2019","0.005645","0.005674","0.005725","0.005426","103.90M","-0.91%"
"Jul 27, 2019","0.005697","0.005935","0.006087","0.005590","137.00M","-4.01%"
"Jul 26, 2019","0.005935","0.005852","0.006021","0.005712","127.82M","1.42%"
"Jul 25, 2019","0.005852","0.005900","0.006149","0.005814","159.79M","-0.71%"
"Jul 24, 2019","0.005894","0.005824","0.005948","0.005621","233.56M","1.13%"
"Jul 23, 2019","0.005828","0.006195","0.006255","0.005733","233.41M","-5.85%"
"Jul 22, 2019","0.006190","0.006087","0.006441","0.006040","258.10M","1.69%"
"Jul 21, 2019","0.006087","0.006067","0.006130","0.005838","127.86M","0.31%"
"Jul 20, 2019","0.006068","0.005831","0.006219","0.005815","220.56M","4.06%"
"Jul 19, 2019","0.005831","0.005683","0.005882","0.005478","215.88M","2.57%"
"Jul 18, 2019","0.005685","0.005443","0.005748","0.005258","263.90M","4.70%"
"Jul 17, 2019","0.005430","0.005223","0.005750","0.005028","392.65M","4.10%"
"Jul 16, 2019","0.005216","0.005627","0.005772","0.005053","474.45M","-7.25%"
"Jul 15, 2019","0.005624","0.005654","0.005828","0.005306","345.13M","-0.32%"
"Jul 14, 2019","0.005642","0.006498","0.006533","0.005621","261.73M","-12.77%"
"Jul 13, 2019","0.006468","0.006900","0.007064","0.006182","364.60M","-5.80%"
"Jul 12, 2019","0.006866","0.006004","0.007227","0.005905","594.31M","13.79%"
"Jul 11, 2019","0.006034","0.006944","0.006944","0.005818","491.82M","-13.09%"
"Jul 10, 2019","0.006943","0.007241","0.007322","0.006800","364.09M","-4.00%"
"Jul 09, 2019","0.007232","0.007221","0.007490","0.007098","379.41M","0.15%"
"Jul 08, 2019","0.007221","0.007456","0.007562","0.007148","389.58M","-3.18%"
"Jul 07, 2019","0.007458","0.007470","0.007580","0.007353","243.04M","-0.20%"
"Jul 06, 2019","0.007473","0.007442","0.007678","0.007375","268.95M","0.81%"
"Jul 05, 2019","0.007413","0.007268","0.007840","0.007148","593.52M","1.59%"
"Jul 04, 2019","0.007297","0.007839","0.007936","0.007219","435.02M","-6.58%"
"Jul 03, 2019","0.007811","0.007617","0.007983","0.007600","423.92M","2.59%"
"Jul 02, 2019","0.007614","0.008086","0.008150","0.007342","514.16M","-5.84%"
"Jul 01, 2019","0.008086","0.008189","0.008615","0.007676","688.32M","-1.04%"
"Jun 30, 2019","0.008171","0.009162","0.009482","0.008135","1.37B","-10.41%"
"Jun 29, 2019","0.009120","0.008340","0.009459","0.007779","1.13B","9.13%"
"Jun 28, 2019","0.008357","0.007822","0.008560","0.007645","771.52M","6.84%"
"Jun 27, 2019","0.007822","0.008104","0.008674","0.007501","1.31B","-3.86%"
"Jun 26, 2019","0.008136","0.009323","0.009706","0.007984","2.45B","-12.92%"
"Jun 25, 2019","0.009343","0.007107","0.010887","0.007107","3.98B","31.52%"
"Jun 24, 2019","0.007104","0.007216","0.007296","0.006950","262.83M","-1.58%"
"Jun 23, 2019","0.007218","0.006996","0.007614","0.006931","625.21M","3.16%"
"Jun 22, 2019","0.006997","0.006727","0.007645","0.006447","1.14B","3.94%"
"Jun 21, 2019","0.006732","0.006890","0.007140","0.006648","340.49M","-2.07%"
"Jun 20, 2019","0.006874","0.007314","0.007333","0.006801","370.89M","-5.86%"
"Jun 19, 2019","0.007302","0.007382","0.007399","0.007250","208.70M","-0.86%"
"Jun 18, 2019","0.007365","0.007366","0.007396","0.007102","296.81M","0.01%"
"Jun 17, 2019","0.007364","0.007257","0.007603","0.007235","436.31M","1.75%"
"Jun 16, 2019","0.007237","0.007323","0.007379","0.007084","527.31M","-1.24%"
"Jun 15, 2019","0.007328","0.007271","0.007444","0.007258","255.02M","0.63%"
"Jun 14, 2019","0.007282","0.007540","0.007640","0.007031","580.83M","-3.66%"
"Jun 13, 2019","0.007559","0.007594","0.007722","0.007450","297.69M","-0.54%"
"Jun 12, 2019","0.007600","0.007440","0.007709","0.007339","282.57M","2.15%"
"Jun 11, 2019","0.007440","0.007711","0.007716","0.007300","275.01M","-3.41%"
"Jun 10, 2019","0.007703","0.007229","0.007743","0.007125","349.82M","6.56%"
"Jun 09, 2019","0.007229","0.007592","0.007607","0.007040","265.95M","-4.97%"
"Jun 08, 2019","0.007607","0.007700","0.007752","0.007443","173.47M","-1.26%"
"Jun 07, 2019","0.007704","0.007677","0.007881","0.007545","384.78M","0.31%"
"Jun 06, 2019","0.007680","0.007653","0.008061","0.007300","615.92M","0.37%"
"Jun 05, 2019","0.007652","0.007429","0.007950","0.007210","863.65M","3.10%"
"Jun 04, 2019","0.007422","0.007141","0.007608","0.006859","722.72M","3.51%"
"Jun 03, 2019","0.007170","0.007724","0.007729","0.007153","416.77M","-7.10%"
"Jun 02, 2019","0.007718","0.007403","0.007810","0.007373","411.87M","4.24%"
"Jun 01, 2019","0.007404","0.007651","0.007799","0.007326","372.58M","-3.29%"
"May 31, 2019","0.007656","0.007471","0.007830","0.007164","528.01M","2.49%"
"May 30, 2019","0.007470","0.007641","0.008487","0.007070","1.08B","-2.28%"
"May 29, 2019","0.007644","0.007737","0.007844","0.007462","619.58M","-1.65%"
"May 28, 2019","0.007772","0.007983","0.008185","0.007687","600.63M","-2.48%"
"May 27, 2019","0.007970","0.007504","0.008070","0.007379","734.45M","5.94%"
"May 26, 2019","0.007523","0.007341","0.007534","0.007100","339.67M","2.49%"
"May 25, 2019","0.007340","0.007353","0.007544","0.007269","158.41M","-0.46%"
"May 24, 2019","0.007374","0.007460","0.007556","0.007306","256.56M","-0.90%"
"May 23, 2019","0.007441","0.007102","0.007471","0.006927","425.57M","4.66%"
"May 22, 2019","0.007110","0.007695","0.007811","0.007069","571.77M","-7.78%"
"May 21, 2019","0.007710","0.007658","0.007997","0.007597","732.92M","0.57%"
"May 20, 2019","0.007666","0.007876","0.007995","0.007285","640.39M","-2.70%"
"May 19, 2019","0.007879","0.007730","0.008109","0.007713","757.16M","2.14%"
"May 18, 2019","0.007714","0.007554","0.008043","0.007334","640.78M","1.89%"
"May 17, 2019","0.007571","0.008157","0.008199","0.006942","943.94M","-7.14%"
"May 16, 2019","0.008153","0.007889","0.008900","0.007194","1.28B","3.01%"
"May 15, 2019","0.007915","0.007048","0.007974","0.006965","555.89M","12.43%"
"May 14, 2019","0.007040","0.006354","0.007188","0.006327","704.58M","10.57%"
"May 13, 2019","0.006367","0.006111","0.006704","0.006043","410.30M","4.22%"
"May 12, 2019","0.006109","0.006315","0.006547","0.005925","417.64M","-4.20%"
"May 11, 2019","0.006377","0.006105","0.006560","0.005846","570.05M","4.52%"
"May 10, 2019","0.006101","0.006023","0.006165","0.005721","315.14M","1.16%"
"May 09, 2019","0.006031","0.006304","0.006482","0.005871","199.82M","-3.87%"
"May 08, 2019","0.006274","0.006103","0.006335","0.005980","141.44M","2.60%"
"May 07, 2019","0.006115","0.006300","0.006426","0.006115","174.44M","-2.94%"
"May 06, 2019","0.006300","0.006447","0.006452","0.006017","199.00M","-1.98%"
"May 05, 2019","0.006427","0.006474","0.006514","0.006301","112.35M","-0.76%"
"May 04, 2019","0.006476","0.006668","0.006748","0.006300","226.30M","-2.81%"
"May 03, 2019","0.006663","0.006471","0.006769","0.006444","297.61M","2.87%"
"May 02, 2019","0.006477","0.006583","0.006659","0.006280","161.71M","-1.33%"
"May 01, 2019","0.006564","0.006213","0.006591","0.006202","206.96M","5.77%"
"Apr 30, 2019","0.006206","0.005833","0.006280","0.005826","160.23M","6.49%"
"Apr 29, 2019","0.005828","0.006083","0.006113","0.005764","189.70M","-4.19%"
"Apr 28, 2019","0.006083","0.006181","0.006275","0.005974","101.67M","-1.23%"
"Apr 27, 2019","0.006159","0.006128","0.006352","0.005995","159.49M","0.37%"
"Apr 26, 2019","0.006136","0.006040","0.006298","0.005785","347.63M","1.91%"
"Apr 25, 2019","0.006021","0.006395","0.006595","0.005903","329.20M","-5.77%"
"Apr 24, 2019","0.006390","0.006681","0.006902","0.006089","596.31M","-4.56%"
"Apr 23, 2019","0.006695","0.006936","0.007033","0.006681","270.03M","-3.47%"
"Apr 22, 2019","0.006936","0.006765","0.007008","0.006652","206.85M","2.66%"
"Apr 21, 2019","0.006756","0.006996","0.007031","0.006531","228.55M","-3.40%"
"Apr 20, 2019","0.006994","0.007183","0.007220","0.006836","251.20M","-2.63%"
"Apr 19, 2019","0.007183","0.007284","0.007424","0.007082","305.40M","-1.41%"
"Apr 18, 2019","0.007286","0.007029","0.007480","0.006973","391.84M","3.60%"
"Apr 17, 2019","0.007033","0.006961","0.007050","0.006861","139.47M","1.02%"
"Apr 16, 2019","0.006962","0.006783","0.007008","0.006692","196.86M","2.61%"
"Apr 15, 2019","0.006785","0.006908","0.007051","0.006646","277.38M","-1.70%"
"Apr 14, 2019","0.006902","0.006904","0.006998","0.006720","141.03M","0.15%"
"Apr 13, 2019","0.006892","0.006827","0.007025","0.006708","181.28M","0.95%"
"Apr 12, 2019","0.006827","0.006600","0.006933","0.006295","354.20M","3.41%"
"Apr 11, 2019","0.006602","0.007138","0.007157","0.006128","501.83M","-7.34%"
"Apr 10, 2019","0.007125","0.007066","0.007342","0.007025","295.57M","0.38%"
"Apr 09, 2019","0.007098","0.007407","0.007415","0.006930","258.56M","-4.17%"
"Apr 08, 2019","0.007407","0.007609","0.007713","0.006893","419.58M","-2.71%"
"Apr 07, 2019","0.007613","0.007577","0.007848","0.007411","308.85M","0.81%"
"Apr 06, 2019","0.007552","0.007474","0.007699","0.007336","375.97M","1.04%"
"Apr 05, 2019","0.007474","0.007207","0.007551","0.007207","324.88M","3.94%"
"Apr 04, 2019","0.007191","0.007265","0.007670","0.006906","756.29M","-0.96%"
"Apr 03, 2019","0.007261","0.007223","0.007936","0.006855","1.27B","0.57%"
"Apr 02, 2019","0.007220","0.006276","0.007337","0.006276","1.12B","15.10%"
"Apr 01, 2019","0.006273","0.006091","0.006380","0.006014","364.47M","2.99%"
"Mar 31, 2019","0.006091","0.005907","0.006237","0.005884","407.86M","3.11%"
"Mar 30, 2019","0.005907","0.005943","0.005975","0.005700","280.05M","-0.51%"
"Mar 29, 2019","0.005937","0.005821","0.005937","0.005780","247.14M","1.89%"
"Mar 28, 2019","0.005827","0.005657","0.005855","0.005603","233.24M","3.04%"
"Mar 27, 2019","0.005655","0.005513","0.005755","0.005489","496.47M","2.58%"
"Mar 26, 2019","0.005513","0.005612","0.005676","0.005303","294.73M","-1.75%"
"Mar 25, 2019","0.005611","0.005752","0.005784","0.005380","455.64M","-2.37%"
"Mar 24, 2019","0.005747","0.005869","0.005875","0.005676","367.84M","-2.26%"
"Mar 23, 2019","0.005880","0.005764","0.006053","0.005756","566.17M","2.07%"
"Mar 22, 2019","0.005761","0.005603","0.005877","0.005508","745.32M","2.86%"
"Mar 21, 2019","0.005601","0.005653","0.006044","0.005200","1.19B","-0.88%"
"Mar 20, 2019","0.005651","0.005382","0.005799","0.005280","632.35M","5.02%"
"Mar 19, 2019","0.005381","0.005275","0.005400","0.005164","278.44M","2.07%"
"Mar 18, 2019","0.005272","0.005196","0.005314","0.005120","255.83M","1.46%"
"Mar 17, 2019","0.005196","0.005314","0.005331","0.005114","313.96M","-2.05%"
"Mar 16, 2019","0.005305","0.005295","0.005453","0.005221","493.82M","0.11%"
"Mar 15, 2019","0.005299","0.005181","0.005425","0.005105","519.64M","2.30%"
"Mar 14, 2019","0.005180","0.005086","0.005204","0.004975","696.18M","1.93%"
"Mar 13, 2019","0.005082","0.005287","0.005386","0.005026","893.09M","-3.91%"
"Mar 12, 2019","0.005289","0.004644","0.005509","0.004530","1.27B","13.94%"
"Mar 11, 2019","0.004642","0.004692","0.004718","0.004471","424.98M","-1.17%"
"Mar 10, 2019","0.004697","0.004849","0.004953","0.004610","539.57M","-3.19%"
"Mar 09, 2019","0.004852","0.004397","0.004875","0.004379","680.90M","10.40%"
"Mar 08, 2019","0.004395","0.004470","0.004620","0.004294","481.99M","-1.68%"
"Mar 07, 2019","0.004470","0.004304","0.004569","0.004227","417.20M","3.93%"
"Mar 06, 2019","0.004301","0.004332","0.004376","0.004246","271.91M","-0.67%"
"Mar 05, 2019","0.004330","0.004206","0.004394","0.004165","415.52M","2.95%"
"Mar 04, 2019","0.004206","0.004398","0.004437","0.004025","367.23M","-4.58%"
"Mar 03, 2019","0.004408","0.004467","0.004502","0.004365","150.22M","-1.36%"
"Mar 02, 2019","0.004469","0.004546","0.004561","0.004424","184.79M","-1.89%"
"Mar 01, 2019","0.004555","0.004551","0.004595","0.004509","178.94M","0.07%"
"Feb 28, 2019","0.004552","0.004545","0.004585","0.004430","318.14M","0.40%"
"Feb 27, 2019","0.004534","0.004560","0.004700","0.004394","448.08M","-0.57%"
"Feb 26, 2019","0.004560","0.004539","0.004734","0.004474","562.56M","0.42%"
"Feb 25, 2019","0.004541","0.004338","0.004595","0.004313","690.18M","4.73%"
"Feb 24, 2019","0.004336","0.004876","0.005000","0.004152","1.22B","-11.24%"
"Feb 23, 2019","0.004885","0.004762","0.004951","0.004636","834.92M","2.56%"
"Feb 22, 2019","0.004763","0.004466","0.004952","0.004457","1.08B","6.70%"
"Feb 21, 2019","0.004464","0.004332","0.004672","0.004274","772.87M","2.79%"
"Feb 20, 2019","0.004343","0.004270","0.004356","0.004155","329.62M","1.69%"
"Feb 19, 2019","0.004271","0.004340","0.004466","0.004250","567.22M","-1.68%"
"Feb 18, 2019","0.004344","0.004116","0.004399","0.004098","503.35M","5.67%"
"Feb 17, 2019","0.004111","0.004085","0.004196","0.003980","334.90M","0.54%"
"Feb 16, 2019","0.004089","0.003928","0.004185","0.003907","488.69M","4.07%"
"Feb 15, 2019","0.003929","0.003860","0.003967","0.003826","257.75M","1.76%"
"Feb 14, 2019","0.003861","0.003852","0.003931","0.003810","130.26M","0.23%"
"Feb 13, 2019","0.003852","0.003923","0.003968","0.003822","178.41M","-1.81%"
"Feb 12, 2019","0.003923","0.003905","0.003949","0.003834","208.72M","0.46%"
"Feb 11, 2019","0.003905","0.004023","0.004024","0.003878","211.66M","-2.91%"
"Feb 10, 2019","0.004022","0.004017","0.004119","0.003911","316.44M","0.10%"
"Feb 09, 2019","0.004018","0.003958","0.004023","0.003900","246.84M","1.72%"
"Feb 08, 2019","0.003950","0.003686","0.004099","0.003657","385.70M","7.16%"
"Feb 07, 2019","0.003686","0.003624","0.003767","0.003619","191.35M","1.54%"
"Feb 06, 2019","0.003630","0.003783","0.003792","0.003611","282.16M","-4.04%"
"Feb 05, 2019","0.003783","0.003813","0.003845","0.003758","203.03M","-0.79%"
"Feb 04, 2019","0.003813","0.003852","0.003872","0.003783","149.60M","-1.22%"
"Feb 03, 2019","0.003860","0.003939","0.003939","0.003821","127.34M","-1.76%"
"Feb 02, 2019","0.003929","0.003902","0.003950","0.003845","119.99M","0.72%"
"Feb 01, 2019","0.003901","0.003887","0.003940","0.003788","217.04M","0.39%"
"Jan 31, 2019","0.003886","0.004002","0.004048","0.003793","399.08M","-2.90%"
"Jan 30, 2019","0.004002","0.003875","0.004090","0.003827","408.18M","3.30%"
"Jan 29, 2019","0.003874","0.003924","0.003980","0.003728","449.95M","-0.77%"
"Jan 28, 2019","0.003904","0.004136","0.004151","0.003733","642.19M","-5.61%"
"Jan 27, 2019","0.004136","0.004332","0.004333","0.004015","429.42M","-4.52%"
"Jan 26, 2019","0.004332","0.004298","0.004403","0.004298","196.40M","0.79%"
"Jan 25, 2019","0.004298","0.004383","0.004399","0.004265","156.61M","-1.85%"
"Jan 24, 2019","0.004379","0.004358","0.004406","0.004221","307.08M","0.71%"
"Jan 23, 2019","0.004348","0.004523","0.004571","0.004264","672.46M","-3.87%"
"Jan 22, 2019","0.004523","0.004070","0.004535","0.004066","951.53M","11.43%"
"Jan 21, 2019","0.004059","0.003947","0.004181","0.003947","441.49M","2.84%"
"Jan 20, 2019","0.003947","0.004077","0.004185","0.003824","334.28M","-3.14%"
"Jan 19, 2019","0.004075","0.004030","0.004203","0.004008","254.44M","1.52%"
"Jan 18, 2019","0.004014","0.004185","0.004203","0.003934","390.41M","-4.13%"
"Jan 17, 2019","0.004187","0.003943","0.004291","0.003880","697.74M","6.46%"
"Jan 16, 2019","0.003933","0.003852","0.003946","0.003807","217.21M","2.05%"
"Jan 15, 2019","0.003854","0.003978","0.004000","0.003793","256.39M","-3.02%"
"Jan 14, 2019","0.003974","0.003708","0.004005","0.003703","312.23M","7.12%"
"Jan 13, 2019","0.003710","0.003936","0.003968","0.003622","433.09M","-5.79%"
"Jan 12, 2019","0.003938","0.003913","0.003993","0.003888","182.18M","0.66%"
"Jan 11, 2019","0.003912","0.003967","0.004039","0.003801","435.94M","-1.41%"
"Jan 10, 2019","0.003968","0.004702","0.004834","0.003766","1.04B","-15.56%"
"Jan 09, 2019","0.004699","0.004300","0.004735","0.004294","733.39M","9.41%"
"Jan 08, 2019","0.004295","0.004121","0.004449","0.004021","467.59M","4.20%"
"Jan 07, 2019","0.004122","0.004245","0.004282","0.004086","262.78M","-2.90%"
"Jan 06, 2019","0.004245","0.003998","0.004343","0.003970","335.45M","6.18%"
"Jan 05, 2019","0.003998","0.004023","0.004130","0.003980","219.76M","-0.62%"
"Jan 04, 2019","0.004023","0.003970","0.004059","0.003908","216.71M","1.34%"
"Jan 03, 2019","0.003970","0.004130","0.004162","0.003906","199.56M","-3.92%"
"Jan 02, 2019","0.004132","0.004064","0.004168","0.003978","228.90M","1.22%"
"Jan 01, 2019","0.004082","0.003927","0.004093","0.003860","132.81M","3.95%"
"Dec 31, 2018","0.003927","0.004150","0.004163","0.003853","247.97M","-5.37%"
"Dec 30, 2018","0.004150","0.004020","0.004189","0.003977","300.24M","3.23%"
"Dec 29, 2018","0.004020","0.004270","0.004344","0.003985","385.49M","-6.45%"
"Dec 28, 2018","0.004297","0.003842","0.004395","0.003762","456.22M","11.99%"
"Dec 27, 2018","0.003837","0.004320","0.004356","0.003802","337.18M","-11.18%"
"Dec 26, 2018","0.004320","0.004306","0.004503","0.004157","288.04M","0.26%"
"Dec 25, 2018","0.004309","0.004719","0.004747","0.004101","552.92M","-8.67%"
"Dec 24, 2018","0.004718","0.004641","0.005247","0.004625","871.09M","1.66%"
"Dec 23, 2018","0.004641","0.004569","0.004822","0.004544","403.54M","1.58%"
"Dec 22, 2018","0.004569","0.004410","0.004646","0.004261","378.74M","3.94%"
"Dec 21, 2018","0.004396","0.004478","0.004878","0.004219","900.72M","-1.90%"
"Dec 20, 2018","0.004481","0.004110","0.004520","0.004040","820.78M","9.03%"
"Dec 19, 2018","0.004110","0.004110","0.004490","0.004040","881.96M","0.49%"
"Dec 18, 2018","0.004090","0.004000","0.004120","0.003720","492.77M","2.25%"
"Dec 17, 2018","0.004000","0.003390","0.004060","0.003390","767.59M","17.99%"
"Dec 16, 2018","0.003390","0.003340","0.003490","0.003330","187.92M","1.50%"
"Dec 15, 2018","0.003340","0.003370","0.003410","0.003250","177.80M","-0.89%"
"Dec 14, 2018","0.003370","0.003520","0.003550","0.003290","221.05M","-3.99%"
"Dec 13, 2018","0.003510","0.003680","0.003710","0.003450","207.23M","-4.88%"
"Dec 12, 2018","0.003690","0.003670","0.003780","0.003580","337.12M","0.54%"
"Dec 11, 2018","0.003670","0.003770","0.003810","0.003610","179.31M","-2.65%"
"Dec 10, 2018","0.003770","0.004000","0.004070","0.003680","305.31M","-5.75%"
"Dec 09, 2018","0.004000","0.003840","0.004160","0.003780","315.26M","4.44%"
"Dec 08, 2018","0.003830","0.003910","0.004080","0.003660","389.97M","-2.30%"
"Dec 07, 2018","0.003920","0.004100","0.004160","0.003640","596.95M","-4.62%"
"Dec 06, 2018","0.004110","0.004460","0.004870","0.004110","611.01M","-7.64%"
"Dec 05, 2018","0.004450","0.004620","0.004670","0.004390","331.31M","-3.68%"
"Dec 04, 2018","0.004620","0.004540","0.004920","0.004390","357.86M","1.99%"
"Dec 03, 2018","0.004530","0.004930","0.004980","0.004430","460.24M","-8.30%"
"Dec 02, 2018","0.004940","0.005070","0.005180","0.004800","331.60M","-2.56%"
"Dec 01, 2018","0.005070","0.004790","0.005220","0.004660","349.91M","5.41%"
"Nov 30, 2018","0.004810","0.005350","0.005380","0.004560","608.55M","-9.93%"
"Nov 29, 2018","0.005340","0.005260","0.005730","0.004950","581.05M","1.33%"
"Nov 28, 2018","0.005270","0.004470","0.005500","0.004470","958.62M","17.90%"
"Nov 27, 2018","0.004470","0.004430","0.004600","0.004190","308.72M","0.90%"
"Nov 26, 2018","0.004430","0.004780","0.004910","0.004260","484.47M","-7.32%"
"Nov 25, 2018","0.004780","0.004580","0.004950","0.004090","623.88M","3.91%"
"Nov 24, 2018","0.004600","0.005250","0.005440","0.004500","352.43M","-12.21%"
"Nov 23, 2018","0.005240","0.005220","0.005370","0.005030","347.64M","0.00%"
"Nov 22, 2018","0.005240","0.005880","0.005990","0.005220","273.77M","-10.73%"
"Nov 21, 2018","0.005870","0.005430","0.006080","0.005300","562.26M","7.90%"
"Nov 20, 2018","0.005440","0.006120","0.006440","0.005040","935.41M","-11.40%"
"Nov 19, 2018","0.006140","0.007730","0.007730","0.005920","745.18M","-20.57%"
"Nov 18, 2018","0.007730","0.007800","0.007920","0.007650","151.81M","-0.90%"
"Nov 17, 2018","0.007800","0.007800","0.007830","0.007540","157.20M","0.26%"
"Nov 16, 2018","0.007780","0.008130","0.008210","0.007630","237.90M","-4.19%"
"Nov 15, 2018","0.008120","0.008660","0.008930","0.007160","484.99M","-6.45%"
"Nov 14, 2018","0.008680","0.009280","0.009470","0.007630","482.43M","-6.47%"
"Nov 13, 2018","0.009280","0.010000","0.010000","0.009280","200.07M","-7.11%"
"Nov 12, 2018","0.009990","0.010230","0.010290","0.009940","112.81M","-2.35%"
"Nov 11, 2018","0.010230","0.010310","0.010340","0.010110","88.54M","-0.78%"
"Nov 10, 2018","0.010310","0.010260","0.010490","0.010190","52.54M","0.59%"
"Nov 09, 2018","0.010250","0.010550","0.010580","0.010140","112.70M","-2.84%"
"Nov 08, 2018","0.010550","0.010880","0.010910","0.010500","95.39M","-3.03%"
"Nov 07, 2018","0.010880","0.011290","0.011400","0.010580","173.38M","-3.72%"
"Nov 06, 2018","0.011300","0.010740","0.011370","0.010660","177.17M","5.02%"
"Nov 05, 2018","0.010760","0.010880","0.010960","0.010540","164.72M","-1.19%"
"Nov 04, 2018","0.010890","0.010360","0.011260","0.010260","202.51M","5.22%"
"Nov 03, 2018","0.010350","0.010500","0.010530","0.010260","109.00M","-1.43%"
"Nov 02, 2018","0.010500","0.010490","0.010600","0.010430","153.62M","0.10%"
"Nov 01, 2018","0.010490","0.010480","0.010570","0.010170","159.84M","0.10%"
"Oct 31, 2018","0.010480","0.010210","0.010630","0.009970","173.46M","2.64%"
"Oct 30, 2018","0.010210","0.010540","0.010710","0.010100","145.38M","-3.04%"
"Oct 29, 2018","0.010530","0.011000","0.011330","0.010400","302.93M","-4.27%"
"Oct 28, 2018","0.011000","0.010940","0.011330","0.010930","135.20M","0.55%"
"Oct 27, 2018","0.010940","0.011200","0.011220","0.010880","140.57M","-2.41%"
"Oct 26, 2018","0.011210","0.011440","0.011440","0.011060","137.32M","-1.92%"
"Oct 25, 2018","0.011430","0.011550","0.011610","0.011210","152.00M","-1.04%"
"Oct 24, 2018","0.011550","0.011910","0.012100","0.011500","257.08M","-2.70%"
"Oct 23, 2018","0.011870","0.011240","0.012180","0.010870","368.88M","5.60%"
"Oct 22, 2018","0.011240","0.011500","0.011590","0.011150","375.43M","-2.26%"
"Oct 21, 2018","0.011500","0.011690","0.011850","0.011440","395.38M","-1.63%"
"Oct 20, 2018","0.011690","0.011610","0.011910","0.011540","544.10M","0.69%"
"Oct 19, 2018","0.011610","0.011580","0.011730","0.011400","408.15M","0.26%"
"Oct 18, 2018","0.011580","0.012080","0.012220","0.011450","134.40M","-4.22%"
"Oct 17, 2018","0.012090","0.012190","0.012190","0.012000","379.70M","-0.82%"
"Oct 16, 2018","0.012190","0.012040","0.012320","0.011860","109.66M","1.16%"
"Oct 15, 2018","0.012050","0.011440","0.013000","0.011290","468.59M","5.33%"
"Oct 14, 2018","0.011440","0.011610","0.011870","0.011370","86.00M","-1.46%"
"Oct 13, 2018","0.011610","0.011630","0.011780","0.011520","59.15M","-0.17%"
"Oct 12, 2018","0.011630","0.011270","0.011890","0.011050","172.47M","3.19%"
"Oct 11, 2018","0.011270","0.013350","0.013360","0.011180","397.17M","-15.58%"
"Oct 10, 2018","0.013350","0.013640","0.013680","0.013100","115.70M","-2.27%"
"Oct 09, 2018","0.013660","0.013750","0.013820","0.013410","139.42M","-0.65%"
"Oct 08, 2018","0.013750","0.013100","0.013900","0.013030","215.69M","4.72%"
"Oct 07, 2018","0.013130","0.013070","0.013210","0.012890","77.36M","0.46%"
"Oct 06, 2018","0.013070","0.013140","0.013270","0.012940","93.94M","-0.68%"
"Oct 05, 2018","0.013160","0.012890","0.013300","0.012800","148.88M","2.41%"
"Oct 04, 2018","0.012850","0.012790","0.013020","0.012730","502.32M","0.47%"
"Oct 03, 2018","0.012790","0.012920","0.012960","0.012590","623.28M","-1.31%"
"Oct 02, 2018","0.012960","0.012830","0.013400","0.012800","730.80M","1.09%"
"Oct 01, 2018","0.012820","0.012920","0.012990","0.012640","569.68M","-0.62%"
"Sep 30, 2018","0.012900","0.012930","0.013040","0.012660","724.18M","-0.23%"
"Sep 29, 2018","0.012930","0.013080","0.013080","0.012640","639.79M","-1.15%"
"Sep 28, 2018","0.013080","0.013110","0.013670","0.012920","640.90M","-0.23%"
"Sep 27, 2018","0.013110","0.012490","0.013300","0.012380","837.29M","5.13%"
"Sep 26, 2018","0.012470","0.012830","0.012920","0.012360","803.47M","-2.81%"
"Sep 25, 2018","0.012830","0.013110","0.013110","0.012100","918.33M","-2.14%"
"Sep 24, 2018","0.013110","0.013970","0.014000","0.012900","821.13M","-6.09%"
"Sep 23, 2018","0.013960","0.013740","0.014160","0.013600","401.89M","1.68%"
"Sep 22, 2018","0.013730","0.014450","0.014660","0.013380","512.59M","-4.92%"
"Sep 21, 2018","0.014440","0.013590","0.014670","0.013440","1.27B","6.33%"
"Sep 20, 2018","0.013580","0.013000","0.013860","0.012860","695.24M","4.46%"
"Sep 19, 2018","0.013000","0.012920","0.013300","0.012200","680.88M","0.46%"
"Sep 18, 2018","0.012940","0.012670","0.013320","0.012360","675.92M","2.21%"
"Sep 17, 2018","0.012660","0.014130","0.014310","0.012350","832.69M","-10.34%"
"Sep 16, 2018","0.014120","0.014250","0.014330","0.013730","426.80M","-1.05%"
"Sep 15, 2018","0.014270","0.013900","0.014650","0.013730","574.32M","2.51%"
"Sep 14, 2018","0.013920","0.014030","0.014360","0.013440","708.43M","-0.50%"
"Sep 13, 2018","0.013990","0.013810","0.014430","0.013240","1.11B","1.23%"
"Sep 12, 2018","0.013820","0.013120","0.014150","0.011640","1.04B","5.10%"
"Sep 11, 2018","0.013150","0.014180","0.014390","0.012700","753.62M","-7.00%"
"Sep 10, 2018","0.014140","0.014470","0.015350","0.013730","800.01M","-2.01%"
"Sep 09, 2018","0.014430","0.014500","0.015370","0.014080","679.42M","-0.62%"
"Sep 08, 2018","0.014520","0.015460","0.016130","0.014190","702.27M","-6.14%"
"Sep 07, 2018","0.015470","0.016150","0.016790","0.015010","898.29M","-4.03%"
"Sep 06, 2018","0.016120","0.016100","0.016370","0.014800","1.37B","0.44%"
"Sep 05, 2018","0.016050","0.019450","0.019780","0.015920","1.52B","-17.48%"
"Sep 04, 2018","0.019450","0.018770","0.019900","0.018530","975.34M","3.51%"
"Sep 03, 2018","0.018790","0.017870","0.019230","0.017400","826.32M","5.21%"
"Sep 02, 2018","0.017860","0.018220","0.018480","0.017300","573.96M","-1.87%"
"Sep 01, 2018","0.018200","0.017020","0.018670","0.016930","630.36M","6.81%"
"Aug 31, 2018","0.017040","0.017310","0.017630","0.016370","659.00M","-1.56%"
"Aug 30, 2018","0.017310","0.016920","0.017380","0.015570","698.14M","2.43%"
"Aug 29, 2018","0.016900","0.017880","0.018140","0.016400","884.97M","-5.59%"
"Aug 28, 2018","0.017900","0.018000","0.018820","0.017490","1.07B","-0.39%"
"Aug 27, 2018","0.017970","0.015300","0.018090","0.015070","1.31B","17.60%"
"Aug 26, 2018","0.015280","0.015380","0.015460","0.014360","636.72M","-0.78%"
"Aug 25, 2018","0.015400","0.014530","0.015770","0.014170","711.76M","5.99%"
"Aug 24, 2018","0.014530","0.014740","0.014760","0.013800","652.62M","-1.16%"
"Aug 23, 2018","0.014700","0.013700","0.014870","0.013550","1.23B","6.83%"
"Aug 22, 2018","0.013760","0.015480","0.016400","0.012420","2.31B","-11.00%"
"Aug 21, 2018","0.015460","0.012920","0.015870","0.012840","1.47B","19.57%"
"Aug 20, 2018","0.012930","0.014320","0.014870","0.012870","1.29B","-9.64%"
"Aug 19, 2018","0.014310","0.012770","0.014470","0.012120","1.33B","12.06%"
"Aug 18, 2018","0.012770","0.014880","0.014940","0.011070","1.88B","-14.30%"
"Aug 17, 2018","0.014900","0.011250","0.016430","0.010820","2.86B","31.86%"
"Aug 16, 2018","0.011300","0.007900","0.011630","0.007720","1.93B","43.04%"
"Aug 15, 2018","0.007900","0.007750","0.008780","0.007590","1.34B","2.07%"
"Aug 14, 2018","0.007740","0.007160","0.007740","0.006030","1.13B","8.10%"
"Aug 13, 2018","0.007160","0.009060","0.009180","0.006910","756.53M","-20.97%"
"Aug 12, 2018","0.009060","0.009060","0.009800","0.008940","424.34M","-0.33%"
"Aug 11, 2018","0.009090","0.009580","0.009770","0.008680","611.43M","-5.11%"
"Aug 10, 2018","0.009580","0.011560","0.011670","0.009360","693.22M","-17.06%"
"Aug 09, 2018","0.011550","0.010830","0.011750","0.010540","552.56M","6.26%"
"Aug 08, 2018","0.010870","0.012940","0.012940","0.010240","763.95M","-16.00%"
"Aug 07, 2018","0.012940","0.013410","0.014100","0.012570","562.88M","-3.58%"
"Aug 06, 2018","0.013420","0.014010","0.014360","0.012880","506.77M","-4.28%"
