Date,Price,Open,High,Low,Vol.,Change %
2018-08-06,0.01342,0.01401,0.01436,0.01288,506.77M,-4.28%
2018-08-07,0.01294,0.01341,0.0141,0.01257,562.88M,-3.58%
2018-08-08,0.01087,0.01294,0.01294,0.01024,763.95M,-16.00%
2018-08-09,0.01155,0.01083,0.01175,0.01054,552.56M,6.26%
2018-08-10,0.00958,0.01156,0.01167,0.00936,693.22M,-17.06%
2018-08-11,0.00909,0.00958,0.00977,0.00868,611.43M,-5.11%
2018-08-12,0.00906,0.00906,0.0098,0.00894,424.34M,-0.33%
2018-08-13,0.00716,0.00906,0.00918,0.00691,756.53M,-20.97%
2018-08-14,0.00774,0.00716,0.00774,0.00603,1.13B,8.10%
2018-08-15,0.0079,0.00775,0.00878,0.00759,1.34B,2.07%
2018-08-16,0.0113,0.0079,0.01163,0.00772,1.93B,43.04%
2018-08-17,0.0149,0.01125,0.01643,0.01082,2.86B,31.86%
2018-08-18,0.01277,0.01488,0.01494,0.01107,1.88B,-14.30%
2018-08-19,0.01431,0.01277,0.01447,0.01212,1.33B,12.06%
2018-08-20,0.01293,0.01432,0.01487,0.01287,1.29B,-9.64%
2018-08-21,0.01546,0.01292,0.01587,0.01284,1.47B,19.57%
2018-08-22,0.01376,0.01548,0.0164,0.01242,2.31B,-11.00%
2018-08-23,0.0147,0.0137,0.01487,0.01355,1.23B,6.83%
2018-08-24,0.01453,0.01474,0.01476,0.0138,652.62M,-1.16%
2018-08-25,0.0154,0.01453,0.01577,0.01417,711.76M,5.99%
2018-08-26,0.01528,0.01538,0.01546,0.01436,636.72M,-0.78%
2018-08-27,0.01797,0.0153,0.01809,0.01507,1.31B,17.60%
2018-08-28,0.0179,0.018,0.01882,0.01749,1.07B,-0.39%
2018-08-29,0.0169,0.01788,0.01814,0.0164,884.97M,-5.59%
2018-08-30,0.01731,0.01692,0.01738,0.01557,698.14M,2.43%
2018-08-31,0.01704,0.01731,0.01763,0.01637,659.00M,-1.56%
2018-09-01,0.0182,0.01702,0.01867,0.01693,630.36M,6.81%
2018-09-02,0.01786,0.01822,0.01848,0.0173,573.96M,-1.87%
2018-09-03,0.01879,0.01787,0.01923,0.0174,826.32M,5.21%
2018-09-04,0.01945,0.01877,0.0199,0.01853,975.34M,3.51%
2018-09-05,0.01605,0.01945,0.01978,0.01592,1.52B,-17.48%
2018-09-06,0.01612,0.0161,0.01637,0.0148,1.37B,0.44%
2018-09-07,0.01547,0.01615,0.01679,0.01501,898.29M,-4.03%
2018-09-08,0.01452,0.01546,0.01613,0.01419,702.27M,-6.14%
2018-09-09,0.01443,0.0145,0.01537,0.01408,679.42M,-0.62%
2018-09-10,0.01414,0.01447,0.01535,0.01373,800.01M,-2.01%
2018-09-11,0.01315,0.01418,0.01439,0.0127,753.62M,-7.00%
2018-09-12,0.01382,0.01312,0.01415,0.01164,1.04B,5.10%
2018-09-13,0.01399,0.01381,0.01443,0.01324,1.11B,1.23%
2018-09-14,0.01392,0.01403,0.01436,0.01344,708.43M,-0.50%
2018-09-15,0.01427,0.0139,0.01465,0.01373,574.32M,2.51%
2018-09-16,0.01412,0.01425,0.01433,0.01373,426.80M,-1.05%
2018-09-17,0.01266,0.01413,0.01431,0.01235,832.69M,-10.34%
2018-09-18,0.01294,0.01267,0.01332,0.01236,675.92M,2.21%
2018-09-19,0.013,0.01292,0.0133,0.0122,680.88M,0.46%
2018-09-20,0.01358,0.013,0.01386,0.01286,695.24M,4.46%
2018-09-21,0.01444,0.01359,0.01467,0.01344,1.27B,6.33%
2018-09-22,0.01373,0.01445,0.01466,0.01338,512.59M,-4.92%
2018-09-23,0.01396,0.01374,0.01416,0.0136,401.89M,1.68%
2018-09-24,0.01311,0.01397,0.014,0.0129,821.13M,-6.09%
2018-09-25,0.01283,0.01311,0.01311,0.0121,918.33M,-2.14%
2018-09-26,0.01247,0.01283,0.01292,0.01236,803.47M,-2.81%
2018-09-27,0.01311,0.01249,0.0133,0.01238,837.29M,5.13%
2018-09-28,0.01308,0.01311,0.01367,0.01292,640.90M,-0.23%
2018-09-29,0.01293,0.01308,0.01308,0.01264,639.79M,-1.15%
2018-09-30,0.0129,0.01293,0.01304,0.01266,724.18M,-0.23%
2018-10-01,0.01282,0.01292,0.01299,0.01264,569.68M,-0.62%
2018-10-02,0.01296,0.01283,0.0134,0.0128,730.80M,1.09%
2018-10-03,0.01279,0.01292,0.01296,0.01259,623.28M,-1.31%
2018-10-04,0.01285,0.01279,0.01302,0.01273,502.32M,0.47%
2018-10-05,0.01316,0.01289,0.0133,0.0128,148.88M,2.41%
2018-10-06,0.01307,0.01314,0.01327,0.01294,93.94M,-0.68%
2018-10-07,0.01313,0.01307,0.01321,0.01289,77.36M,0.46%
2018-10-08,0.01375,0.0131,0.0139,0.01303,215.69M,4.72%
2018-10-09,0.01366,0.01375,0.01382,0.01341,139.42M,-0.65%
2018-10-10,0.01335,0.01364,0.01368,0.0131,115.70M,-2.27%
2018-10-11,0.01127,0.01335,0.01336,0.01118,397.17M,-15.58%
2018-10-12,0.01163,0.01127,0.01189,0.01105,172.47M,3.19%
2018-10-13,0.01161,0.01163,0.01178,0.01152,59.15M,-0.17%
2018-10-14,0.01144,0.01161,0.01187,0.01137,86.00M,-1.46%
2018-10-15,0.01205,0.01144,0.013,0.01129,468.59M,5.33%
2018-10-16,0.01219,0.01204,0.01232,0.01186,109.66M,1.16%
2018-10-17,0.01209,0.01219,0.01219,0.012,379.70M,-0.82%
2018-10-18,0.01158,0.01208,0.01222,0.01145,134.40M,-4.22%
2018-10-19,0.01161,0.01158,0.01173,0.0114,408.15M,0.26%
2018-10-20,0.01169,0.01161,0.01191,0.01154,544.10M,0.69%
2018-10-21,0.0115,0.01169,0.01185,0.01144,395.38M,-1.63%
2018-10-22,0.01124,0.0115,0.01159,0.01115,375.43M,-2.26%
2018-10-23,0.01187,0.01124,0.01218,0.01087,368.88M,5.60%
2018-10-24,0.01155,0.01191,0.0121,0.0115,257.08M,-2.70%
2018-10-25,0.01143,0.01155,0.01161,0.01121,152.00M,-1.04%
2018-10-26,0.01121,0.01144,0.01144,0.01106,137.32M,-1.92%
2018-10-27,0.01094,0.0112,0.01122,0.01088,140.57M,-2.41%
2018-10-28,0.011,0.01094,0.01133,0.01093,135.20M,0.55%
2018-10-29,0.01053,0.011,0.01133,0.0104,302.93M,-4.27%
2018-10-30,0.01021,0.01054,0.01071,0.0101,145.38M,-3.04%
2018-10-31,0.01048,0.01021,0.01063,0.00997,173.46M,2.64%
2018-11-01,0.01049,0.01048,0.01057,0.01017,159.84M,0.10%
2018-11-02,0.0105,0.01049,0.0106,0.01043,153.62M,0.10%
2018-11-03,0.01035,0.0105,0.01053,0.01026,109.00M,-1.43%
2018-11-04,0.01089,0.01036,0.01126,0.01026,202.51M,5.22%
2018-11-05,0.01076,0.01088,0.01096,0.01054,164.72M,-1.19%
2018-11-06,0.0113,0.01074,0.01137,0.01066,177.17M,5.02%
2018-11-07,0.01088,0.01129,0.0114,0.01058,173.38M,-3.72%
2018-11-08,0.01055,0.01088,0.01091,0.0105,95.39M,-3.03%
2018-11-09,0.01025,0.01055,0.01058,0.01014,112.70M,-2.84%
2018-11-10,0.01031,0.01026,0.01049,0.01019,52.54M,0.59%
2018-11-11,0.01023,0.01031,0.01034,0.01011,88.54M,-0.78%
2018-11-12,0.00999,0.01023,0.01029,0.00994,112.81M,-2.35%
2018-11-13,0.00928,0.01,0.01,0.00928,200.07M,-7.11%
2018-11-14,0.00868,0.00928,0.00947,0.00763,482.43M,-6.47%
2018-11-15,0.00812,0.00866,0.00893,0.00716,484.99M,-6.45%
2018-11-16,0.00778,0.00813,0.00821,0.00763,237.90M,-4.19%
2018-11-17,0.0078,0.0078,0.00783,0.00754,157.20M,0.26%
2018-11-18,0.00773,0.0078,0.00792,0.00765,151.81M,-0.90%
2018-11-19,0.00614,0.00773,0.00773,0.00592,745.18M,-20.57%
2018-11-20,0.00544,0.00612,0.00644,0.00504,935.41M,-11.40%
2018-11-21,0.00587,0.00543,0.00608,0.0053,562.26M,7.90%
2018-11-22,0.00524,0.00588,0.00599,0.00522,273.77M,-10.73%
2018-11-23,0.00524,0.00522,0.00537,0.00503,347.64M,0.00%
2018-11-24,0.0046,0.00525,0.00544,0.0045,352.43M,-12.21%
2018-11-25,0.00478,0.00458,0.00495,0.00409,623.88M,3.91%
2018-11-26,0.00443,0.00478,0.00491,0.00426,484.47M,-7.32%
2018-11-27,0.00447,0.00443,0.0046,0.00419,308.72M,0.90%
2018-11-28,0.00527,0.00447,0.0055,0.00447,958.62M,17.90%
2018-11-29,0.00534,0.00526,0.00573,0.00495,581.05M,1.33%
2018-11-30,0.00481,0.00535,0.00538,0.00456,608.55M,-9.93%
2018-12-01,0.00507,0.00479,0.00522,0.00466,349.91M,5.41%
2018-12-02,0.00494,0.00507,0.00518,0.0048,331.60M,-2.56%
2018-12-03,0.00453,0.00493,0.00498,0.00443,460.24M,-8.30%
2018-12-04,0.00462,0.00454,0.00492,0.00439,357.86M,1.99%
2018-12-05,0.00445,0.00462,0.00467,0.00439,331.31M,-3.68%
2018-12-06,0.00411,0.00446,0.00487,0.00411,611.01M,-7.64%
2018-12-07,0.00392,0.0041,0.00416,0.00364,596.95M,-4.62%
2018-12-08,0.00383,0.00391,0.00408,0.00366,389.97M,-2.30%
2018-12-09,0.004,0.00384,0.00416,0.00378,315.26M,4.44%
2018-12-10,0.00377,0.004,0.00407,0.00368,305.31M,-5.75%
2018-12-11,0.00367,0.00377,0.00381,0.00361,179.31M,-2.65%
2018-12-12,0.00369,0.00367,0.00378,0.00358,337.12M,0.54%
2018-12-13,0.00351,0.00368,0.00371,0.00345,207.23M,-4.88%
2018-12-14,0.00337,0.00352,0.00355,0.00329,221.05M,-3.99%
2018-12-15,0.00334,0.00337,0.00341,0.00325,177.80M,-0.89%
2018-12-16,0.00339,0.00334,0.00349,0.00333,187.92M,1.50%
2018-12-17,0.004,0.00339,0.00406,0.00339,767.59M,17.99%
2018-12-18,0.00409,0.004,0.00412,0.00372,492.77M,2.25%
2018-12-19,0.00411,0.00411,0.00449,0.00404,881.96M,0.49%
2018-12-20,0.004481,0.00411,0.00452,0.00404,820.78M,9.03%
2018-12-21,0.004396,0.004478,0.004878,0.004219,900.72M,-1.90%
2018-12-22,0.004569,0.00441,0.004646,0.004261,378.74M,3.94%
2018-12-23,0.004641,0.004569,0.004822,0.004544,403.54M,1.58%
2018-12-24,0.004718,0.004641,0.005247,0.004625,871.09M,1.66%
2018-12-25,0.004309,0.004719,0.004747,0.004101,552.92M,-8.67%
2018-12-26,0.00432,0.004306,0.004503,0.004157,288.04M,0.26%
2018-12-27,0.003837,0.00432,0.004356,0.003802,337.18M,-11.18%
2018-12-28,0.004297,0.003842,0.004395,0.003762,456.22M,11.99%
2018-12-29,0.00402,0.00427,0.004344,0.003985,385.49M,-6.45%
2018-12-30,0.00415,0.00402,0.004189,0.003977,300.24M,3.23%
2018-12-31,0.003927,0.00415,0.004163,0.003853,247.97M,-5.37%
2019-01-01,0.004082,0.003927,0.004093,0.00386,132.81M,3.95%
2019-01-02,0.004132,0.004064,0.004168,0.003978,228.90M,1.22%
2019-01-03,0.00397,0.00413,0.004162,0.003906,199.56M,-3.92%
2019-01-04,0.004023,0.00397,0.004059,0.003908,216.71M,1.34%
2019-01-05,0.003998,0.004023,0.00413,0.00398,219.76M,-0.62%
2019-01-06,0.004245,0.003998,0.004343,0.00397,335.45M,6.18%
2019-01-07,0.004122,0.004245,0.004282,0.004086,262.78M,-2.90%
2019-01-08,0.004295,0.004121,0.004449,0.004021,467.59M,4.20%
2019-01-09,0.004699,0.0043,0.004735,0.004294,733.39M,9.41%
2019-01-10,0.003968,0.004702,0.004834,0.003766,1.04B,-15.56%
2019-01-11,0.003912,0.003967,0.004039,0.003801,435.94M,-1.41%
2019-01-12,0.003938,0.003913,0.003993,0.003888,182.18M,0.66%
2019-01-13,0.00371,0.003936,0.003968,0.003622,433.09M,-5.79%
2019-01-14,0.003974,0.003708,0.004005,0.003703,312.23M,7.12%
2019-01-15,0.003854,0.003978,0.004,0.003793,256.39M,-3.02%
2019-01-16,0.003933,0.003852,0.003946,0.003807,217.21M,2.05%
2019-01-17,0.004187,0.003943,0.004291,0.00388,697.74M,6.46%
2019-01-18,0.004014,0.004185,0.004203,0.003934,390.41M,-4.13%
2019-01-19,0.004075,0.00403,0.004203,0.004008,254.44M,1.52%
2019-01-20,0.003947,0.004077,0.004185,0.003824,334.28M,-3.14%
2019-01-21,0.004059,0.003947,0.004181,0.003947,441.49M,2.84%
2019-01-22,0.004523,0.00407,0.004535,0.004066,951.53M,11.43%
2019-01-23,0.004348,0.004523,0.004571,0.004264,672.46M,-3.87%
2019-01-24,0.004379,0.004358,0.004406,0.004221,307.08M,0.71%
2019-01-25,0.004298,0.004383,0.004399,0.004265,156.61M,-1.85%
2019-01-26,0.004332,0.004298,0.004403,0.004298,196.40M,0.79%
2019-01-27,0.004136,0.004332,0.004333,0.004015,429.42M,-4.52%
2019-01-28,0.003904,0.004136,0.004151,0.003733,642.19M,-5.61%
2019-01-29,0.003874,0.003924,0.00398,0.003728,449.95M,-0.77%
2019-01-30,0.004002,0.003875,0.00409,0.003827,408.18M,3.30%
2019-01-31,0.003886,0.004002,0.004048,0.003793,399.08M,-2.90%
2019-02-01,0.003901,0.003887,0.00394,0.003788,217.04M,0.39%
2019-02-02,0.003929,0.003902,0.00395,0.003845,119.99M,0.72%
2019-02-03,0.00386,0.003939,0.003939,0.003821,127.34M,-1.76%
2019-02-04,0.003813,0.003852,0.003872,0.003783,149.60M,-1.22%
2019-02-05,0.003783,0.003813,0.003845,0.003758,203.03M,-0.79%
2019-02-06,0.00363,0.003783,0.003792,0.003611,282.16M,-4.04%
2019-02-07,0.003686,0.003624,0.003767,0.003619,191.35M,1.54%
2019-02-08,0.00395,0.003686,0.004099,0.003657,385.70M,7.16%
2019-02-09,0.004018,0.003958,0.004023,0.0039,246.84M,1.72%
2019-02-10,0.004022,0.004017,0.004119,0.003911,316.44M,0.10%
2019-02-11,0.003905,0.004023,0.004024,0.003878,211.66M,-2.91%
2019-02-12,0.003923,0.003905,0.003949,0.003834,208.72M,0.46%
2019-02-13,0.003852,0.003923,0.003968,0.003822,178.41M,-1.81%
2019-02-14,0.003861,0.003852,0.003931,0.00381,130.26M,0.23%
2019-02-15,0.003929,0.00386,0.003967,0.003826,257.75M,1.76%
2019-02-16,0.004089,0.003928,0.004185,0.003907,488.69M,4.07%
2019-02-17,0.004111,0.004085,0.004196,0.00398,334.90M,0.54%
2019-02-18,0.004344,0.004116,0.004399,0.004098,503.35M,5.67%
2019-02-19,0.004271,0.00434,0.004466,0.00425,567.22M,-1.68%
2019-02-20,0.004343,0.00427,0.004356,0.004155,329.62M,1.69%
2019-02-21,0.004464,0.004332,0.004672,0.004274,772.87M,2.79%
2019-02-22,0.004763,0.004466,0.004952,0.004457,1.08B,6.70%
2019-02-23,0.004885,0.004762,0.004951,0.004636,834.92M,2.56%
2019-02-24,0.004336,0.004876,0.005,0.004152,1.22B,-11.24%
2019-02-25,0.004541,0.004338,0.004595,0.004313,690.18M,4.73%
2019-02-26,0.00456,0.004539,0.004734,0.004474,562.56M,0.42%
2019-02-27,0.004534,0.00456,0.0047,0.004394,448.08M,-0.57%
2019-02-28,0.004552,0.004545,0.004585,0.00443,318.14M,0.40%
2019-03-01,0.004555,0.004551,0.004595,0.004509,178.94M,0.07%
2019-03-02,0.004469,0.004546,0.004561,0.004424,184.79M,-1.89%
2019-03-03,0.004408,0.004467,0.004502,0.004365,150.22M,-1.36%
2019-03-04,0.004206,0.004398,0.004437,0.004025,367.23M,-4.58%
2019-03-05,0.00433,0.004206,0.004394,0.004165,415.52M,2.95%
2019-03-06,0.004301,0.004332,0.004376,0.004246,271.91M,-0.67%
2019-03-07,0.00447,0.004304,0.004569,0.004227,417.20M,3.93%
2019-03-08,0.004395,0.00447,0.00462,0.004294,481.99M,-1.68%
2019-03-09,0.004852,0.004397,0.004875,0.004379,680.90M,10.40%
2019-03-10,0.004697,0.004849,0.004953,0.00461,539.57M,-3.19%
2019-03-11,0.004642,0.004692,0.004718,0.004471,424.98M,-1.17%
2019-03-12,0.005289,0.004644,0.005509,0.00453,1.27B,13.94%
2019-03-13,0.005082,0.005287,0.005386,0.005026,893.09M,-3.91%
2019-03-14,0.00518,0.005086,0.005204,0.004975,696.18M,1.93%
2019-03-15,0.005299,0.005181,0.005425,0.005105,519.64M,2.30%
2019-03-16,0.005305,0.005295,0.005453,0.005221,493.82M,0.11%
2019-03-17,0.005196,0.005314,0.005331,0.005114,313.96M,-2.05%
2019-03-18,0.005272,0.005196,0.005314,0.00512,255.83M,1.46%
2019-03-19,0.005381,0.005275,0.0054,0.005164,278.44M,2.07%
2019-03-20,0.005651,0.005382,0.005799,0.00528,632.35M,5.02%
2019-03-21,0.005601,0.005653,0.006044,0.0052,1.19B,-0.88%
2019-03-22,0.005761,0.005603,0.005877,0.005508,745.32M,2.86%
2019-03-23,0.00588,0.005764,0.006053,0.005756,566.17M,2.07%
2019-03-24,0.005747,0.005869,0.005875,0.005676,367.84M,-2.26%
2019-03-25,0.005611,0.005752,0.005784,0.00538,455.64M,-2.37%
2019-03-26,0.005513,0.005612,0.005676,0.005303,294.73M,-1.75%
2019-03-27,0.005655,0.005513,0.005755,0.005489,496.47M,2.58%
2019-03-28,0.005827,0.005657,0.005855,0.005603,233.24M,3.04%
2019-03-29,0.005937,0.005821,0.005937,0.00578,247.14M,1.89%
2019-03-30,0.005907,0.005943,0.005975,0.0057,280.05M,-0.51%
2019-03-31,0.006091,0.005907,0.006237,0.005884,407.86M,3.11%
2019-04-01,0.006273,0.006091,0.00638,0.006014,364.47M,2.99%
2019-04-02,0.00722,0.006276,0.007337,0.006276,1.12B,15.10%
2019-04-03,0.007261,0.007223,0.007936,0.006855,1.27B,0.57%
2019-04-04,0.007191,0.007265,0.00767,0.006906,756.29M,-0.96%
2019-04-05,0.007474,0.007207,0.007551,0.007207,324.88M,3.94%
2019-04-06,0.007552,0.007474,0.007699,0.007336,375.97M,1.04%
2019-04-07,0.007613,0.007577,0.007848,0.007411,308.85M,0.81%
2019-04-08,0.007407,0.007609,0.007713,0.006893,419.58M,-2.71%
2019-04-09,0.007098,0.007407,0.007415,0.00693,258.56M,-4.17%
2019-04-10,0.007125,0.007066,0.007342,0.007025,295.57M,0.38%
2019-04-11,0.006602,0.007138,0.007157,0.006128,501.83M,-7.34%
2019-04-12,0.006827,0.0066,0.006933,0.006295,354.20M,3.41%
2019-04-13,0.006892,0.006827,0.007025,0.006708,181.28M,0.95%
2019-04-14,0.006902,0.006904,0.006998,0.00672,141.03M,0.15%
2019-04-15,0.006785,0.006908,0.007051,0.006646,277.38M,-1.70%
2019-04-16,0.006962,0.006783,0.007008,0.006692,196.86M,2.61%
2019-04-17,0.007033,0.006961,0.00705,0.006861,139.47M,1.02%
2019-04-18,0.007286,0.007029,0.00748,0.006973,391.84M,3.60%
2019-04-19,0.007183,0.007284,0.007424,0.007082,305.40M,-1.41%
2019-04-20,0.006994,0.007183,0.00722,0.006836,251.20M,-2.63%
2019-04-21,0.006756,0.006996,0.007031,0.006531,228.55M,-3.40%
2019-04-22,0.006936,0.006765,0.007008,0.006652,206.85M,2.66%
2019-04-23,0.006695,0.006936,0.007033,0.006681,270.03M,-3.47%
2019-04-24,0.00639,0.006681,0.006902,0.006089,596.31M,-4.56%
2019-04-25,0.006021,0.006395,0.006595,0.005903,329.20M,-5.77%
2019-04-26,0.006136,0.00604,0.006298,0.005785,347.63M,1.91%
2019-04-27,0.006159,0.006128,0.006352,0.005995,159.49M,0.37%
2019-04-28,0.006083,0.006181,0.006275,0.005974,101.67M,-1.23%
2019-04-29,0.005828,0.006083,0.006113,0.005764,189.70M,-4.19%
2019-04-30,0.006206,0.005833,0.00628,0.005826,160.23M,6.49%
2019-05-01,0.006564,0.006213,0.006591,0.006202,206.96M,5.77%
2019-05-02,0.006477,0.006583,0.006659,0.00628,161.71M,-1.33%
2019-05-03,0.006663,0.006471,0.006769,0.006444,297.61M,2.87%
2019-05-04,0.006476,0.006668,0.006748,0.0063,226.30M,-2.81%
2019-05-05,0.006427,0.006474,0.006514,0.006301,112.35M,-0.76%
2019-05-06,0.0063,0.006447,0.006452,0.006017,199.00M,-1.98%
2019-05-07,0.006115,0.0063,0.006426,0.006115,174.44M,-2.94%
2019-05-08,0.006274,0.006103,0.006335,0.00598,141.44M,2.60%
2019-05-09,0.006031,0.006304,0.006482,0.005871,199.82M,-3.87%
2019-05-10,0.006101,0.006023,0.006165,0.005721,315.14M,1.16%
2019-05-11,0.006377,0.006105,0.00656,0.005846,570.05M,4.52%
2019-05-12,0.006109,0.006315,0.006547,0.005925,417.64M,-4.20%
2019-05-13,0.006367,0.006111,0.006704,0.006043,410.30M,4.22%
2019-05-14,0.00704,0.006354,0.007188,0.006327,704.58M,10.57%
2019-05-15,0.007915,0.007048,0.007974,0.006965,555.89M,12.43%
2019-05-16,0.008153,0.007889,0.0089,0.007194,1.28B,3.01%
2019-05-17,0.007571,0.008157,0.008199,0.006942,943.94M,-7.14%
2019-05-18,0.007714,0.007554,0.008043,0.007334,640.78M,1.89%
2019-05-19,0.007879,0.00773,0.008109,0.007713,757.16M,2.14%
2019-05-20,0.007666,0.007876,0.007995,0.007285,640.39M,-2.70%
2019-05-21,0.00771,0.007658,0.007997,0.007597,732.92M,0.57%
2019-05-22,0.00711,0.007695,0.007811,0.007069,571.77M,-7.78%
2019-05-23,0.007441,0.007102,0.007471,0.006927,425.57M,4.66%
2019-05-24,0.007374,0.00746,0.007556,0.007306,256.56M,-0.90%
2019-05-25,0.00734,0.007353,0.007544,0.007269,158.41M,-0.46%
2019-05-26,0.007523,0.007341,0.007534,0.0071,339.67M,2.49%
2019-05-27,0.00797,0.007504,0.00807,0.007379,734.45M,5.94%
2019-05-28,0.007772,0.007983,0.008185,0.007687,600.63M,-2.48%
2019-05-29,0.007644,0.007737,0.007844,0.007462,619.58M,-1.65%
2019-05-30,0.00747,0.007641,0.008487,0.00707,1.08B,-2.28%
2019-05-31,0.007656,0.007471,0.00783,0.007164,528.01M,2.49%
2019-06-01,0.007404,0.007651,0.007799,0.007326,372.58M,-3.29%
2019-06-02,0.007718,0.007403,0.00781,0.007373,411.87M,4.24%
2019-06-03,0.00717,0.007724,0.007729,0.007153,416.77M,-7.10%
2019-06-04,0.007422,0.007141,0.007608,0.006859,722.72M,3.51%
2019-06-05,0.007652,0.007429,0.00795,0.00721,863.65M,3.10%
2019-06-06,0.00768,0.007653,0.008061,0.0073,615.92M,0.37%
2019-06-07,0.007704,0.007677,0.007881,0.007545,384.78M,0.31%
2019-06-08,0.007607,0.0077,0.007752,0.007443,173.47M,-1.26%
2019-06-09,0.007229,0.007592,0.007607,0.00704,265.95M,-4.97%
2019-06-10,0.007703,0.007229,0.007743,0.007125,349.82M,6.56%
2019-06-11,0.00744,0.007711,0.007716,0.0073,275.01M,-3.41%
2019-06-12,0.0076,0.00744,0.007709,0.007339,282.57M,2.15%
2019-06-13,0.007559,0.007594,0.007722,0.00745,297.69M,-0.54%
2019-06-14,0.007282,0.00754,0.00764,0.007031,580.83M,-3.66%
2019-06-15,0.007328,0.007271,0.007444,0.007258,255.02M,0.63%
2019-06-16,0.007237,0.007323,0.007379,0.007084,527.31M,-1.24%
2019-06-17,0.007364,0.007257,0.007603,0.007235,436.31M,1.75%
2019-06-18,0.007365,0.007366,0.007396,0.007102,296.81M,0.01%
2019-06-19,0.007302,0.007382,0.007399,0.00725,208.70M,-0.86%
2019-06-20,0.006874,0.007314,0.007333,0.006801,370.89M,-5.86%
2019-06-21,0.006732,0.00689,0.00714,0.006648,340.49M,-2.07%
2019-06-22,0.006997,0.006727,0.007645,0.006447,1.14B,3.94%
2019-06-23,0.007218,0.006996,0.007614,0.006931,625.21M,3.16%
2019-06-24,0.007104,0.007216,0.007296,0.00695,262.83M,-1.58%
2019-06-25,0.009343,0.007107,0.010887,0.007107,3.98B,31.52%
2019-06-26,0.008136,0.009323,0.009706,0.007984,2.45B,-12.92%
2019-06-27,0.007822,0.008104,0.008674,0.007501,1.31B,-3.86%
2019-06-28,0.008357,0.007822,0.00856,0.007645,771.52M,6.84%
2019-06-29,0.00912,0.00834,0.009459,0.007779,1.13B,9.13%
2019-06-30,0.008171,0.009162,0.009482,0.008135,1.37B,-10.41%
2019-07-01,0.008086,0.008189,0.008615,0.007676,688.32M,-1.04%
2019-07-02,0.007614,0.008086,0.00815,0.007342,514.16M,-5.84%
2019-07-03,0.007811,0.007617,0.007983,0.0076,423.92M,2.59%
2019-07-04,0.007297,0.007839,0.007936,0.007219,435.02M,-6.58%
2019-07-05,0.007413,0.007268,0.00784,0.007148,593.52M,1.59%
2019-07-06,0.007473,0.007442,0.007678,0.007375,268.95M,0.81%
2019-07-07,0.007458,0.00747,0.00758,0.007353,243.04M,-0.20%
2019-07-08,0.007221,0.007456,0.007562,0.007148,389.58M,-3.18%
2019-07-09,0.007232,0.007221,0.00749,0.007098,379.41M,0.15%
2019-07-10,0.006943,0.007241,0.007322,0.0068,364.09M,-4.00%
2019-07-11,0.006034,0.006944,0.006944,0.005818,491.82M,-13.09%
2019-07-12,0.006866,0.006004,0.007227,0.005905,594.31M,13.79%
2019-07-13,0.006468,0.0069,0.007064,0.006182,364.60M,-5.80%
2019-07-14,0.005642,0.006498,0.006533,0.005621,261.73M,-12.77%
2019-07-15,0.005624,0.005654,0.005828,0.005306,345.13M,-0.32%
2019-07-16,0.005216,0.005627,0.005772,0.005053,474.45M,-7.25%
2019-07-17,0.00543,0.005223,0.00575,0.005028,392.65M,4.10%
2019-07-18,0.005685,0.005443,0.005748,0.005258,263.90M,4.70%
2019-07-19,0.005831,0.005683,0.005882,0.005478,215.88M,2.57%
2019-07-20,0.006068,0.005831,0.006219,0.005815,220.56M,4.06%
2019-07-21,0.006087,0.006067,0.00613,0.005838,127.86M,0.31%
2019-07-22,0.00619,0.006087,0.006441,0.00604,258.10M,1.69%
2019-07-23,0.005828,0.006195,0.006255,0.005733,233.41M,-5.85%
2019-07-24,0.005894,0.005824,0.005948,0.005621,233.56M,1.13%
2019-07-25,0.005852,0.0059,0.006149,0.005814,159.79M,-0.71%
2019-07-26,0.005935,0.005852,0.006021,0.005712,127.82M,1.42%
2019-07-27,0.005697,0.005935,0.006087,0.00559,137.00M,-4.01%
2019-07-28,0.005645,0.005674,0.005725,0.005426,103.90M,-0.91%
2019-07-29,0.005574,0.005647,0.005741,0.005549,79.96M,-1.26%
2019-07-30,0.005528,0.005568,0.005641,0.005469,122.32M,-0.83%
2019-07-31,0.0056,0.005528,0.005666,0.005514,175.63M,1.30%
2019-08-01,0.00541,0.00561,0.005629,0.005268,184.74M,-3.39%
2019-08-02,0.005481,0.005404,0.005553,0.005342,134.68M,1.31%
2019-08-03,0.00548,0.005481,0.005567,0.005429,132.41M,-0.02%
2019-08-04,0.005317,0.00548,0.005491,0.005292,128.68M,-2.97%
2019-08-05,0.00523,0.005311,0.005382,0.005226,278.40M,-1.64%
2019-08-06,0.004873,0.005235,0.005235,0.0048,439.25M,-6.83%
2019-08-07,0.005014,0.004874,0.005788,0.004826,727.73M,2.89%
2019-08-08,0.004992,0.005017,0.005084,0.004826,236.99M,-0.44%
2019-08-09,0.004906,0.004975,0.005129,0.004845,271.80M,-1.72%
2019-08-10,0.00491,0.004916,0.005091,0.00477,199.40M,0.08%
2019-08-11,0.005118,0.00491,0.005389,0.004886,267.35M,4.24%
2019-08-12,0.005101,0.005114,0.005274,0.005037,175.56M,-0.33%
2019-08-13,0.004916,0.005113,0.005113,0.00483,184.21M,-3.63%
2019-08-14,0.004628,0.004915,0.004939,0.004449,261.81M,-5.86%
2019-08-15,0.00458,0.00463,0.004747,0.004492,127.38M,-1.04%
2019-08-16,0.004493,0.00458,0.004635,0.004406,238.50M,-1.90%
2019-08-17,0.004454,0.004493,0.00457,0.004361,119.49M,-0.87%
2019-08-18,0.004495,0.004454,0.004579,0.004433,186.48M,0.92%
2019-08-19,0.00466,0.004495,0.004683,0.004484,181.27M,3.67%
2019-08-20,0.00455,0.00466,0.004669,0.004504,126.59M,-2.36%
2019-08-21,0.004369,0.00455,0.004576,0.004147,161.91M,-3.98%
2019-08-22,0.004464,0.004369,0.004625,0.0042,153.76M,2.17%
2019-08-23,0.004594,0.004465,0.004666,0.004432,128.93M,2.91%
2019-08-24,0.004905,0.004594,0.004998,0.004504,304.47M,6.77%
2019-08-25,0.004481,0.004895,0.005003,0.004385,328.54M,-8.64%
2019-08-26,0.004556,0.004481,0.004616,0.004473,123.64M,1.67%
2019-08-27,0.00454,0.004577,0.004595,0.00448,63.36M,-0.35%
2019-08-28,0.004238,0.00454,0.004699,0.0042,119.52M,-6.65%
2019-08-29,0.004052,0.004234,0.004249,0.004018,129.27M,-4.39%
2019-08-30,0.004075,0.004075,0.00416,0.003962,113.77M,0.57%
2019-08-31,0.00409,0.004075,0.004193,0.00398,66.63M,0.37%
2019-09-01,0.004095,0.00409,0.004129,0.004028,58.57M,0.12%
2019-09-02,0.00436,0.004102,0.004468,0.004079,235.49M,6.47%
2019-09-03,0.00427,0.004367,0.004375,0.00421,121.83M,-2.06%
2019-09-04,0.004139,0.00427,0.004302,0.004086,128.95M,-3.07%
2019-09-05,0.003914,0.004139,0.004159,0.003818,199.32M,-5.44%
2019-09-06,0.00374,0.003914,0.00399,0.003701,181.23M,-4.45%
2019-09-07,0.003838,0.003741,0.003903,0.003715,103.06M,2.62%
2019-09-08,0.003996,0.003838,0.004027,0.003838,87.65M,4.12%
2019-09-09,0.003966,0.003996,0.004046,0.003844,150.04M,-0.75%
2019-09-10,0.003912,0.003986,0.00402,0.003858,85.06M,-1.36%
2019-09-11,0.003731,0.003901,0.003956,0.003716,105.69M,-4.63%
2019-09-12,0.003742,0.003762,0.00377,0.003613,109.10M,0.29%
2019-09-13,0.003732,0.003743,0.003755,0.003617,84.42M,-0.27%
2019-09-14,0.00366,0.003738,0.003741,0.003559,127.46M,-1.93%
2019-09-15,0.003716,0.00366,0.003736,0.00366,58.70M,1.53%
2019-09-16,0.004034,0.003716,0.004339,0.00371,500.32M,8.56%
2019-09-17,0.004182,0.004032,0.004285,0.004001,215.03M,3.67%
2019-09-18,0.00428,0.004185,0.004416,0.004183,206.31M,2.34%
2019-09-19,0.0042,0.00428,0.004283,0.00402,204.78M,-1.87%
2019-09-20,0.004179,0.004201,0.00428,0.004127,116.66M,-0.50%
2019-09-21,0.004135,0.004179,0.004276,0.004115,59.09M,-1.05%
2019-09-22,0.004041,0.004144,0.004144,0.00399,74.61M,-2.27%
2019-09-23,0.003906,0.004035,0.004071,0.003905,77.87M,-3.34%
2019-09-24,0.003338,0.003906,0.00403,0.003092,233.68M,-14.54%
2019-09-25,0.003402,0.003327,0.003491,0.003264,146.05M,1.92%
2019-09-26,0.003309,0.003397,0.00341,0.003083,152.24M,-2.73%
2019-09-27,0.00339,0.003309,0.003424,0.0032,109.32M,2.45%
2019-09-28,0.003434,0.00339,0.003485,0.003372,105.46M,1.30%
2019-09-29,0.003339,0.003434,0.003445,0.003261,72.81M,-2.77%
2019-09-30,0.003475,0.003339,0.003497,0.0032,85.33M,4.07%
2019-10-01,0.00342,0.003483,0.003572,0.003405,70.00M,-1.58%
2019-10-02,0.003474,0.00342,0.00349,0.003365,42.13M,1.58%
2019-10-03,0.00342,0.003486,0.003492,0.003373,45.18M,-1.55%
2019-10-04,0.003437,0.00342,0.003487,0.003366,75.71M,0.50%
2019-10-05,0.003412,0.003437,0.003442,0.00336,87.98M,-0.73%
2019-10-06,0.003351,0.003408,0.003428,0.003282,78.00M,-1.79%
2019-10-07,0.003477,0.003351,0.003504,0.003285,117.21M,3.76%
2019-10-08,0.003585,0.003477,0.00361,0.003462,187.19M,3.11%
2019-10-09,0.003814,0.003583,0.003814,0.003545,385.04M,6.39%
2019-10-10,0.003734,0.003815,0.003899,0.003682,251.45M,-2.10%
2019-10-11,0.003635,0.003737,0.00377,0.003569,183.82M,-2.65%
2019-10-12,0.003679,0.003635,0.003765,0.003632,90.10M,1.21%
2019-10-13,0.003584,0.003679,0.003708,0.00357,110.05M,-2.58%
2019-10-14,0.003632,0.003584,0.003633,0.003519,92.01M,1.34%
2019-10-15,0.003444,0.003631,0.00365,0.003416,110.21M,-5.18%
2019-10-16,0.003312,0.003436,0.00345,0.0033,110.77M,-3.83%
2019-10-17,0.003435,0.00332,0.003449,0.003315,89.49M,3.71%
2019-10-18,0.003371,0.003435,0.003456,0.003298,61.70M,-1.86%
2019-10-19,0.003336,0.003375,0.003389,0.003313,34.65M,-1.04%
2019-10-20,0.003364,0.003336,0.003371,0.003289,71.86M,0.84%
2019-10-21,0.003326,0.003364,0.003374,0.003293,62.22M,-1.13%
2019-10-22,0.003258,0.003326,0.003352,0.003245,71.96M,-2.04%
2019-10-23,0.002995,0.003258,0.00328,0.002905,132.82M,-8.07%
2019-10-24,0.002998,0.002995,0.003009,0.002908,86.04M,0.10%
2019-10-25,0.003376,0.002998,0.003419,0.002971,273.78M,12.61%
2019-10-26,0.003366,0.003376,0.003714,0.003255,361.87M,-0.30%
2019-10-27,0.004123,0.00338,0.004349,0.003301,813.68M,22.49%
2019-10-28,0.0038,0.004127,0.004789,0.0038,940.39M,-7.83%
2019-10-29,0.00422,0.003811,0.0043,0.003811,715.93M,11.05%
2019-10-30,0.00414,0.00422,0.00438,0.003865,999.12M,-1.90%
2019-10-31,0.004097,0.004137,0.004189,0.003899,458.54M,-1.04%
2019-11-01,0.003981,0.004097,0.00412,0.003936,300.93M,-2.83%
2019-11-02,0.004205,0.003981,0.004298,0.003971,414.42M,5.63%
2019-11-03,0.004234,0.004204,0.004372,0.004148,354.13M,0.69%
2019-11-04,0.00439,0.004234,0.004446,0.004171,397.78M,3.68%
2019-11-05,0.004891,0.004391,0.005029,0.004355,1.09B,11.41%
2019-11-06,0.005238,0.004882,0.005321,0.004882,1.14B,7.09%
2019-11-07,0.005599,0.005235,0.005862,0.005022,2.36B,6.89%
2019-11-08,0.00531,0.00561,0.005924,0.005234,1.60B,-5.16%
2019-11-09,0.005122,0.0053,0.0053,0.005071,945.10M,-3.54%
2019-11-10,0.00574,0.005122,0.005785,0.005094,1.15B,12.07%
2019-11-11,0.006055,0.005737,0.006153,0.005436,1.73B,5.49%
2019-11-12,0.006535,0.006055,0.00674,0.005958,2.54B,7.93%
2019-11-13,0.006279,0.006557,0.006557,0.006127,1.37B,-3.92%
2019-11-14,0.007301,0.006279,0.00756,0.006166,2.78B,16.28%
2019-11-15,0.007812,0.007294,0.008094,0.006721,4.78B,7.00%
2019-11-16,0.007262,0.007817,0.007817,0.007212,2.60B,-7.04%
2019-11-17,0.007657,0.007266,0.007668,0.00712,1.55B,5.44%
2019-11-18,0.007407,0.007661,0.007661,0.007089,2.12B,-3.26%
2019-11-19,0.006877,0.007388,0.007388,0.006626,2.05B,-7.16%
2019-11-20,0.00612,0.00688,0.00688,0.006031,2.54B,-11.01%
2019-11-21,0.005725,0.006132,0.006216,0.00556,2.18B,-6.45%
2019-11-22,0.005172,0.005731,0.005853,0.00465,3.95B,-9.66%
2019-11-23,0.005754,0.00517,0.005806,0.004916,2.94B,11.25%
2019-11-24,0.005225,0.005756,0.00609,0.005149,3.86B,-9.19%
2019-11-25,0.005812,0.005233,0.006003,0.004991,3.59B,11.23%
2019-11-26,0.006333,0.005825,0.006382,0.005707,2.64B,8.96%
2019-11-27,0.006504,0.006336,0.00664,0.00587,3.15B,2.70%
2019-11-28,0.006352,0.006496,0.006665,0.006282,1.24B,-2.34%
2019-11-29,0.006466,0.006342,0.006515,0.006202,1.13B,1.79%
2019-11-30,0.006087,0.006479,0.006479,0.00597,1.07B,-5.86%
2019-12-01,0.007101,0.006051,0.007215,0.005766,3.43B,16.66%
2019-12-02,0.007421,0.007119,0.007975,0.007117,4.57B,4.51%
2019-12-03,0.006965,0.007418,0.007615,0.006785,2.70B,-6.14%
2019-12-04,0.006899,0.006969,0.007758,0.006765,3.35B,-0.95%
2019-12-05,0.006873,0.006893,0.007107,0.006646,2.33B,-0.38%
2019-12-06,0.00695,0.006869,0.006997,0.006517,1.86B,1.12%
2019-12-07,0.006805,0.006951,0.007271,0.0068,1.23B,-2.09%
2019-12-08,0.007127,0.006802,0.0073,0.006641,1.43B,4.73%
2019-12-09,0.00683,0.007127,0.00737,0.006766,1.13B,-4.17%
2019-12-10,0.006216,0.006829,0.006849,0.005941,1.95B,-8.99%
2019-12-11,0.006069,0.006213,0.006383,0.00603,916.51M,-2.36%
2019-12-12,0.006214,0.00608,0.006314,0.005796,1.06B,2.39%
2019-12-13,0.005894,0.006211,0.006682,0.005698,2.41B,-5.15%
2019-12-14,0.005451,0.005887,0.005955,0.00534,1.25B,-7.52%
2019-12-15,0.005569,0.005452,0.005683,0.00523,1.03B,2.16%
2019-12-16,0.005044,0.005571,0.005597,0.004987,814.40M,-9.43%
2019-12-17,0.004626,0.005034,0.005083,0.004551,1.32B,-8.29%
2019-12-18,0.00531,0.004644,0.005387,0.004459,1.79B,14.79%
2019-12-19,0.00505,0.005309,0.005375,0.004898,767.22M,-4.90%
2019-12-20,0.005395,0.005047,0.005554,0.004972,1.08B,6.83%
2019-12-21,0.005316,0.005396,0.005547,0.005275,528.02M,-1.46%
2019-12-22,0.005514,0.005317,0.005623,0.005286,694.71M,3.72%
2019-12-23,0.005922,0.005514,0.006148,0.005459,1.47B,7.40%
2019-12-24,0.005974,0.005919,0.006265,0.005788,1.58B,0.88%
2019-12-25,0.005848,0.005976,0.006076,0.005783,759.72M,-2.11%
2019-12-26,0.005485,0.005848,0.005848,0.00543,1.09B,-6.21%
2019-12-27,0.005665,0.005483,0.005767,0.005326,826.17M,3.28%
2019-12-28,0.005666,0.005666,0.005772,0.005552,585.29M,0.02%
2019-12-29,0.005572,0.005672,0.005843,0.005565,779.45M,-1.66%
2019-12-30,0.005425,0.005564,0.00564,0.005421,547.49M,-2.64%
2019-12-31,0.005242,0.005418,0.005444,0.00516,489.90M,-3.37%
2020-01-01,0.005358,0.005245,0.005496,0.00523,453.37M,2.21%
2020-01-02,0.005094,0.005358,0.005405,0.005072,417.08M,-4.93%
2020-01-03,0.005318,0.005094,0.005446,0.00502,601.85M,4.40%
2020-01-04,0.00563,0.005327,0.00567,0.00529,533.24M,5.87%
2020-01-05,0.005465,0.00562,0.005699,0.005428,531.16M,-2.93%
2020-01-06,0.005734,0.005461,0.005737,0.005443,916.78M,4.92%
2020-01-07,0.005579,0.005735,0.005782,0.005458,794.04M,-2.70%
2020-01-08,0.005487,0.005576,0.005614,0.005205,1.08B,-1.65%
2020-01-09,0.005324,0.005492,0.005492,0.005309,414.88M,-2.97%
2020-01-10,0.005455,0.005328,0.005579,0.005294,716.60M,2.46%
2020-01-11,0.005537,0.005451,0.00555,0.005353,611.36M,1.50%
2020-01-12,0.005525,0.005525,0.005594,0.005431,544.17M,-0.22%
2020-01-13,0.005407,0.005527,0.005527,0.005357,291.75M,-2.14%
2020-01-14,0.005986,0.005407,0.006046,0.005406,1.74B,10.71%
2020-01-15,0.006003,0.005972,0.006239,0.005758,1.49B,0.28%
2020-01-16,0.005885,0.006007,0.006043,0.00571,769.85M,-1.97%
2020-01-17,0.006395,0.005894,0.006577,0.005832,1.48B,8.67%
2020-01-18,0.006239,0.006391,0.006391,0.006095,621.98M,-2.44%
2020-01-19,0.005862,0.006239,0.006297,0.00579,969.31M,-6.04%
2020-01-20,0.005814,0.005862,0.00597,0.00571,482.08M,-0.82%
2020-01-21,0.005964,0.005819,0.006006,0.005759,513.45M,2.58%
2020-01-22,0.005863,0.005971,0.006,0.005825,269.55M,-1.69%
2020-01-23,0.005607,0.005863,0.005865,0.005462,704.21M,-4.37%
2020-01-24,0.00558,0.00561,0.005652,0.005484,433.80M,-0.48%
2020-01-25,0.005618,0.005578,0.005661,0.005485,217.90M,0.68%
2020-01-26,0.00573,0.005603,0.005742,0.005536,305.92M,1.99%
2020-01-27,0.005747,0.00574,0.005888,0.005645,541.74M,0.30%
2020-01-28,0.005808,0.005744,0.005882,0.005744,648.71M,1.06%
2020-01-29,0.005733,0.005799,0.005879,0.005678,612.62M,-1.29%
2020-01-30,0.005683,0.00573,0.005811,0.005658,786.89M,-0.87%
2020-01-31,0.005766,0.005687,0.005827,0.005501,886.24M,1.46%
2020-02-01,0.005995,0.005777,0.006164,0.005773,1.33B,3.97%
2020-02-02,0.006241,0.005996,0.006442,0.00585,1.14B,4.10%
2020-02-03,0.006307,0.006229,0.006398,0.0061,746.96M,1.06%
2020-02-04,0.006532,0.006303,0.006629,0.006228,1.29B,3.57%
2020-02-05,0.006472,0.006527,0.006662,0.006354,1.13B,-0.92%
2020-02-06,0.0068,0.006473,0.006943,0.00639,1.10B,5.07%
2020-02-07,0.00682,0.006803,0.006969,0.006657,1.04B,0.29%
2020-02-08,0.006669,0.006817,0.006824,0.006498,866.02M,-2.21%
2020-02-09,0.006823,0.006674,0.006877,0.006657,616.88M,2.31%
2020-02-10,0.00651,0.006825,0.006881,0.006371,1.11B,-4.59%
2020-02-11,0.007485,0.00651,0.007498,0.006383,1.75B,14.98%
2020-02-12,0.00747,0.007505,0.007911,0.00738,2.08B,-0.20%
2020-02-13,0.00806,0.007466,0.008178,0.007445,2.32B,7.90%
2020-02-14,0.008303,0.00807,0.008395,0.0076,1.58B,3.01%
2020-02-15,0.007464,0.008329,0.008435,0.007272,1.88B,-10.10%
2020-02-16,0.007096,0.007469,0.007675,0.006567,2.01B,-4.93%
2020-02-17,0.006747,0.007078,0.007136,0.006275,1.91B,-4.92%
2020-02-18,0.007055,0.006772,0.007245,0.006618,1.46B,4.56%
2020-02-19,0.006485,0.007058,0.007174,0.006326,1.01B,-8.08%
2020-02-20,0.006486,0.006468,0.006574,0.006369,1.12B,0.02%
2020-02-21,0.006634,0.006496,0.006831,0.006448,803.80M,2.28%
2020-02-22,0.006598,0.006633,0.00667,0.00644,495.60M,-0.54%
2020-02-23,0.006979,0.00659,0.006979,0.006589,465.36M,5.77%
2020-02-24,0.006713,0.006958,0.007284,0.006653,1.36B,-3.81%
2020-02-25,0.006208,0.006715,0.006718,0.006149,1.22B,-7.52%
2020-02-26,0.005558,0.006208,0.006272,0.005353,2.17B,-10.47%
2020-02-27,0.005804,0.005553,0.005947,0.005214,1.93B,4.43%
2020-02-28,0.005754,0.005811,0.005915,0.005355,1.15B,-0.86%
2020-02-29,0.005617,0.00575,0.005888,0.005617,589.68M,-2.38%
2020-03-01,0.005429,0.005616,0.005779,0.005341,905.02M,-3.35%
2020-03-02,0.005829,0.005406,0.00586,0.005391,781.71M,7.37%
2020-03-03,0.005777,0.005838,0.005855,0.005626,621.32M,-0.89%
2020-03-04,0.006039,0.005773,0.006146,0.005734,874.42M,4.54%
2020-03-05,0.006128,0.006035,0.006316,0.006035,711.80M,1.47%
2020-03-06,0.006142,0.006125,0.006192,0.005979,594.94M,0.23%
2020-03-07,0.005792,0.006139,0.00618,0.005673,878.72M,-5.70%
2020-03-08,0.004699,0.005766,0.005788,0.004673,1.68B,-18.87%
2020-03-09,0.004675,0.004703,0.004879,0.004378,3.02B,-0.51%
2020-03-10,0.004687,0.004685,0.004933,0.004573,1.79B,0.26%
2020-03-11,0.004459,0.004694,0.004751,0.004114,1.57B,-4.86%
2020-03-12,0.002285,0.004465,0.004495,0.00217,4.69B,-48.76%
2020-03-13,0.002821,0.002272,0.003088,0.00157,5.33B,23.46%
2020-03-14,0.002545,0.002803,0.002833,0.002486,2.17B,-9.78%
2020-03-15,0.002524,0.002556,0.002807,0.002436,2.23B,-0.83%
2020-03-16,0.00226,0.00252,0.00253,0.001959,4.29B,-10.46%
2020-03-17,0.002474,0.002265,0.002566,0.002208,2.51B,9.47%
2020-03-18,0.002538,0.002484,0.002542,0.002292,1.44B,2.59%
2020-03-19,0.002907,0.002548,0.003047,0.002534,2.11B,14.54%
2020-03-20,0.002849,0.002913,0.003127,0.00264,2.62B,-2.00%
2020-03-21,0.002897,0.002846,0.002987,0.002676,1.62B,1.68%
2020-03-22,0.00261,0.002881,0.00304,0.002584,1.51B,-9.91%
2020-03-23,0.002852,0.002585,0.00292,0.002555,1.98B,9.27%
2020-03-24,0.00306,0.00287,0.003085,0.002827,1.63B,7.29%
2020-03-25,0.003056,0.00304,0.003209,0.00295,1.64B,-0.13%
2020-03-26,0.003082,0.003077,0.003107,0.003001,1.04B,0.85%
2020-03-27,0.003,0.003077,0.003514,0.002993,2.78B,-2.66%
2020-03-28,0.002969,0.002978,0.003034,0.00285,1.57B,-1.03%
2020-03-29,0.002729,0.002968,0.00298,0.002713,995.47M,-8.08%
2020-03-30,0.002934,0.002726,0.003037,0.002707,1.62B,7.51%
2020-03-31,0.003108,0.002933,0.003279,0.00292,1.96B,5.93%
2020-04-01,0.003153,0.003108,0.003171,0.002953,1.36B,1.45%
2020-04-02,0.003228,0.003176,0.003433,0.003104,1.79B,2.38%
2020-04-03,0.00326,0.003226,0.003292,0.003172,1.15B,0.99%
2020-04-04,0.003245,0.00326,0.003293,0.003183,1.27B,-0.46%
2020-04-05,0.003233,0.00325,0.003275,0.003169,611.46M,-0.37%
2020-04-06,0.003644,0.00323,0.003671,0.00323,1.84B,12.71%
2020-04-07,0.00387,0.003643,0.004468,0.003568,4.58B,6.20%
2020-04-08,0.003977,0.003868,0.004038,0.003808,1.85B,2.76%
2020-04-09,0.003866,0.003978,0.004004,0.003793,1.12B,-2.79%
2020-04-10,0.003609,0.003867,0.003867,0.003475,1.62B,-6.65%
2020-04-11,0.00368,0.003611,0.003749,0.003555,1.11B,1.97%
2020-04-12,0.003685,0.003679,0.003839,0.003566,912.61M,0.14%
2020-04-13,0.003609,0.003672,0.003672,0.003449,1.22B,-2.06%
2020-04-14,0.003666,0.003611,0.003759,0.003539,1.00B,1.58%
2020-04-15,0.003658,0.003667,0.003854,0.003582,1.46B,-0.22%
2020-04-16,0.003828,0.003642,0.00389,0.003512,1.93B,4.65%
2020-04-17,0.003783,0.003826,0.003876,0.003744,766.64M,-1.18%
2020-04-18,0.003968,0.003786,0.004019,0.003786,781.81M,4.89%
2020-04-19,0.003904,0.003971,0.004021,0.003827,924.06M,-1.61%
2020-04-20,0.003645,0.003904,0.004022,0.003591,1.63B,-6.63%
2020-04-21,0.003677,0.003631,0.003773,0.003627,1.16B,0.88%
2020-04-22,0.003894,0.00367,0.003941,0.003663,998.59M,5.90%
2020-04-23,0.003952,0.003898,0.004095,0.003779,1.58B,1.49%
2020-04-24,0.004082,0.003953,0.004148,0.003932,1.32B,3.29%
2020-04-25,0.004216,0.004085,0.0043,0.004023,1.55B,3.28%
2020-04-26,0.004471,0.00421,0.004525,0.004167,1.70B,6.05%
2020-04-27,0.004356,0.004481,0.00453,0.00425,1.43B,-2.57%
2020-04-28,0.0043,0.004356,0.004451,0.004287,876.07M,-1.29%
2020-04-29,0.004761,0.004286,0.004859,0.004279,2.71B,10.72%
2020-04-30,0.004355,0.004766,0.004843,0.00423,2.85B,-8.53%
2020-05-01,0.004436,0.004359,0.004649,0.004359,1.57B,1.86%
2020-05-02,0.004514,0.004436,0.004538,0.0044,850.69M,1.76%
2020-05-03,0.004333,0.004515,0.004597,0.00426,1.38B,-4.01%
2020-05-04,0.004447,0.004327,0.004614,0.004053,2.55B,2.63%
2020-05-05,0.00442,0.00445,0.004478,0.004228,1.54B,-0.61%
2020-05-06,0.004243,0.004425,0.004515,0.004233,1.95B,-4.00%
2020-05-07,0.004508,0.004242,0.004569,0.004216,2.07B,6.25%
2020-05-08,0.004779,0.004516,0.004859,0.004511,1.99B,6.01%
2020-05-09,0.004546,0.004781,0.00495,0.004544,1.58B,-4.88%
2020-05-10,0.004177,0.004545,0.004554,0.003776,2.86B,-8.12%
2020-05-11,0.004107,0.004166,0.004252,0.003886,2.09B,-1.68%
2020-05-12,0.004244,0.004103,0.004286,0.004017,1.62B,3.34%
2020-05-13,0.004459,0.00424,0.004529,0.004179,1.12B,5.07%
2020-05-14,0.004494,0.004468,0.004553,0.004384,1.53B,0.78%
2020-05-15,0.004377,0.004498,0.004554,0.004357,1.12B,-2.60%
2020-05-16,0.004452,0.004377,0.004486,0.004358,1.03B,1.71%
2020-05-17,0.004426,0.004448,0.00458,0.004401,946.78M,-0.58%
2020-05-18,0.004487,0.004428,0.004631,0.004415,1.28B,1.38%
2020-05-19,0.004534,0.004487,0.004541,0.004378,1.15B,1.05%
2020-05-20,0.004525,0.004516,0.004645,0.00438,1.22B,-0.20%
2020-05-21,0.004237,0.004514,0.004567,0.004097,1.39B,-6.36%
2020-05-22,0.004641,0.004226,0.00475,0.004182,1.99B,9.54%
2020-05-23,0.004609,0.004641,0.004785,0.004529,1.20B,-0.69%
2020-05-24,0.004471,0.004609,0.0048,0.004471,1.40B,-2.99%
2020-05-25,0.005064,0.00445,0.005121,0.004407,3.06B,13.26%
2020-05-26,0.004872,0.00507,0.005087,0.0047,2.13B,-3.79%
2020-05-27,0.004896,0.004871,0.004998,0.004789,1.48B,0.49%
2020-05-28,0.005509,0.004896,0.00555,0.004877,2.94B,12.52%
2020-05-29,0.005547,0.005516,0.00563,0.005301,2.01B,0.69%
2020-05-30,0.006226,0.005564,0.006248,0.005509,2.48B,12.24%
2020-05-31,0.00624,0.006219,0.006936,0.006026,4.15B,0.22%
2020-06-01,0.006657,0.006216,0.006869,0.0062,2.92B,6.68%
2020-06-02,0.007249,0.006662,0.007732,0.006542,5.67B,8.89%
2020-06-03,0.007099,0.007256,0.007492,0.00684,3.07B,-2.07%
2020-06-04,0.006732,0.007108,0.007239,0.006594,2.06B,-5.17%
2020-06-05,0.006704,0.006732,0.007046,0.00666,1.47B,-0.42%
2020-06-06,0.007313,0.006697,0.007359,0.006603,1.90B,9.08%
2020-06-07,0.00724,0.007301,0.007434,0.00692,1.84B,-1.00%
2020-06-08,0.007784,0.007253,0.007807,0.007166,1.87B,7.51%
2020-06-09,0.008181,0.007785,0.00828,0.007601,2.08B,5.10%
2020-06-10,0.009009,0.008187,0.009083,0.0079,4.45B,10.12%
2020-06-11,0.008762,0.009019,0.01053,0.008709,11.48B,-2.74%
2020-06-12,0.00971,0.008716,0.009906,0.008653,4.93B,10.82%
2020-06-13,0.009597,0.009701,0.009855,0.009282,2.27B,-1.16%
2020-06-14,0.00864,0.009617,0.009617,0.00846,3.45B,-9.97%
2020-06-15,0.009037,0.008637,0.00924,0.007708,5.37B,4.59%
2020-06-16,0.009066,0.009001,0.009408,0.008803,3.04B,0.32%
2020-06-17,0.009012,0.009078,0.00923,0.008669,2.42B,-0.60%
2020-06-18,0.008667,0.009023,0.009038,0.008413,1.69B,-3.83%
2020-06-19,0.00838,0.00866,0.008701,0.008323,1.53B,-3.31%
2020-06-20,0.008303,0.008379,0.00846,0.0081,1.21B,-0.92%
2020-06-21,0.008626,0.0083,0.008852,0.008294,1.68B,3.89%
2020-06-22,0.009281,0.008613,0.009422,0.008585,2.16B,7.59%
2020-06-23,0.008903,0.009302,0.009365,0.008866,1.75B,-4.07%
2020-06-24,0.008987,0.008901,0.009266,0.008679,1.92B,0.94%
2020-06-25,0.008882,0.008996,0.009187,0.008612,1.72B,-1.17%
2020-06-26,0.008946,0.008877,0.009025,0.008762,1.24B,0.72%
2020-06-27,0.008618,0.008949,0.009166,0.008307,1.71B,-3.67%
2020-06-28,0.008693,0.008608,0.008807,0.008416,1.15B,0.87%
2020-06-29,0.008689,0.00869,0.008853,0.008465,1.29B,-0.05%
2020-06-30,0.008834,0.008686,0.008863,0.008585,871.42M,1.67%
2020-07-01,0.009434,0.008844,0.009501,0.00868,2.06B,6.79%
2020-07-02,0.009556,0.009432,0.00976,0.009153,2.79B,1.29%
2020-07-03,0.010235,0.009574,0.010475,0.009504,3.41B,7.11%
2020-07-04,0.01253,0.010216,0.012992,0.010167,5.50B,22.42%
2020-07-05,0.01433,0.012502,0.016436,0.011933,12.84B,14.37%
2020-07-06,0.014427,0.014307,0.015259,0.014307,6.49B,0.68%
2020-07-07,0.01733,0.014422,0.01733,0.014422,4.70B,20.12%
2020-07-08,0.019975,0.017319,0.020203,0.01728,10.98B,15.26%
2020-07-09,0.018236,0.01991,0.01991,0.017798,6.99B,-8.71%
2020-07-10,0.01713,0.018229,0.018876,0.015336,8.67B,-6.06%
2020-07-11,0.018534,0.017119,0.018602,0.016856,4.03B,8.20%
2020-07-12,0.018155,0.018502,0.018502,0.01769,2.35B,-2.04%
2020-07-13,0.018459,0.018175,0.019375,0.018175,4.26B,1.67%
2020-07-14,0.018442,0.018461,0.018649,0.017553,2.20B,-0.09%
2020-07-15,0.018989,0.018471,0.019367,0.018471,2.72B,2.97%
2020-07-16,0.018048,0.019015,0.019208,0.017844,2.44B,-4.96%
2020-07-17,0.018215,0.018045,0.018865,0.018045,1.62B,0.93%
2020-07-18,0.018182,0.018211,0.018516,0.018165,935.80M,-0.18%
2020-07-19,0.018021,0.018162,0.018283,0.017698,1.30B,-0.89%
2020-07-20,0.016085,0.018047,0.018047,0.016085,2.51B,-10.74%
2020-07-21,0.017488,0.016074,0.017635,0.016074,3.25B,8.72%
2020-07-22,0.017468,0.0175,0.017675,0.017112,1.24B,-0.11%
2020-07-23,0.017392,0.017479,0.017701,0.017335,1.03B,-0.44%
2020-07-24,0.016995,0.017373,0.017373,0.016992,895.86M,-2.28%
2020-07-25,0.018218,0.016983,0.018218,0.016983,1.65B,7.20%
2020-07-26,0.017563,0.018212,0.01838,0.017502,1.30B,-3.60%
2020-07-27,0.015634,0.017554,0.017554,0.015405,3.60B,-10.98%
2020-07-28,0.015986,0.015647,0.016221,0.015646,1.99B,2.25%
2020-07-29,0.015595,0.01598,0.016288,0.015435,1.54B,-2.45%
2020-07-30,0.017315,0.015429,0.017501,0.015429,2.56B,11.03%
2020-07-31,0.017204,0.017366,0.017739,0.017204,3.06B,-0.64%
2020-08-01,0.017321,0.017252,0.017349,0.016911,1.92B,0.68%
2020-08-02,0.016199,0.017335,0.017335,0.015964,2.26B,-6.48%
2020-08-03,0.016684,0.016208,0.016684,0.016208,953.94M,2.99%
2020-08-04,0.018717,0.0167,0.018717,0.0167,2.36B,12.19%
2020-08-05,0.018793,0.01873,0.01917,0.018048,2.72B,0.41%
2020-08-06,0.019722,0.01873,0.019914,0.01873,2.66B,4.94%
2020-08-07,0.018671,0.019715,0.01999,0.018576,2.36B,-5.33%
2020-08-08,0.020818,0.01867,0.020842,0.01867,2.06B,11.50%
2020-08-09,0.02192,0.020819,0.022401,0.020528,2.78B,5.29%
2020-08-10,0.021429,0.021935,0.021935,0.020948,2.37B,-2.24%
2020-08-11,0.019971,0.021424,0.021619,0.019513,2.14B,-6.80%
2020-08-12,0.020427,0.019926,0.02054,0.019184,1.71B,2.28%
2020-08-13,0.019598,0.020449,0.020449,0.019407,1.76B,-4.06%
2020-08-14,0.020507,0.019643,0.02064,0.019643,1.41B,4.64%
2020-08-15,0.019545,0.020513,0.020513,0.019545,1.18B,-4.69%
2020-08-16,0.019842,0.019534,0.019842,0.019272,1.11B,1.52%
2020-08-17,0.02002,0.01984,0.020602,0.019584,1.92B,0.90%
2020-08-18,0.019113,0.020064,0.020064,0.01895,1.66B,-4.53%
2020-08-19,0.017845,0.01911,0.019326,0.017562,2.33B,-6.63%
2020-08-20,0.019388,0.017848,0.019388,0.017848,1.53B,8.65%
2020-08-21,0.017943,0.019384,0.019661,0.017943,1.78B,-7.45%
2020-08-22,0.018177,0.017949,0.018229,0.017568,1.12B,1.30%
2020-08-23,0.01789,0.018177,0.018186,0.01787,643.76M,-1.58%
2020-08-24,0.01817,0.0179,0.018482,0.017717,678.64M,1.57%
2020-08-25,0.016883,0.018157,0.018157,0.016382,1.28B,-7.08%
2020-08-26,0.017109,0.01688,0.017373,0.016734,1.01B,1.34%
2020-08-27,0.015935,0.017113,0.0172,0.015653,1.24B,-6.86%
2020-08-28,0.016317,0.015943,0.016625,0.015943,793.83M,2.40%
2020-08-29,0.016795,0.016318,0.017169,0.016143,954.29M,2.93%
2020-08-30,0.017126,0.016743,0.017372,0.016743,1.16B,1.97%
2020-08-31,0.017399,0.017113,0.01863,0.017113,2.63B,1.59%
2020-09-01,0.016994,0.017371,0.017576,0.016786,1.60B,-2.33%
2020-09-02,0.015988,0.01699,0.016995,0.015724,1.53B,-5.92%
2020-09-03,0.012353,0.015965,0.016664,0.012353,3.42B,-22.74%
2020-09-04,0.014249,0.012364,0.0145,0.012364,4.66B,15.35%
2020-09-05,0.012092,0.014305,0.014497,0.011844,4.18B,-15.14%
2020-09-06,0.012354,0.012071,0.01277,0.011439,2.67B,2.17%
2020-09-07,0.0122,0.012368,0.012393,0.011082,2.72B,-1.25%
2020-09-08,0.012118,0.012218,0.01312,0.012034,2.91B,-0.67%
2020-09-09,0.012835,0.01212,0.012979,0.01172,1.96B,5.92%
2020-09-10,0.013,0.012831,0.013419,0.012831,1.79B,1.29%
2020-09-11,0.013243,0.012986,0.01327,0.012619,1.34B,1.87%
2020-09-12,0.013425,0.013247,0.013425,0.013068,966.87M,1.37%
2020-09-13,0.012808,0.013433,0.013752,0.012457,1.71B,-4.60%
2020-09-14,0.012842,0.012775,0.013083,0.012575,1.25B,0.27%
2020-09-15,0.012569,0.012852,0.013362,0.012569,1.43B,-2.13%
2020-09-16,0.012444,0.012564,0.012564,0.012205,1.44B,-0.99%
2020-09-17,0.013509,0.012428,0.01351,0.012428,1.73B,8.56%
2020-09-18,0.01443,0.013514,0.014827,0.013486,2.60B,6.82%
2020-09-19,0.01527,0.014367,0.01527,0.013942,1.66B,5.82%
2020-09-20,0.014466,0.01525,0.01564,0.014235,1.62B,-5.27%
2020-09-21,0.012601,0.014439,0.01475,0.012554,2.80B,-12.89%
2020-09-22,0.012347,0.012618,0.012863,0.012347,1.53B,-2.02%
2020-09-23,0.011359,0.012326,0.012326,0.011351,2.29B,-8.00%
2020-09-24,0.012385,0.011381,0.012429,0.011381,1.40B,9.03%
2020-09-25,0.012909,0.012378,0.013147,0.011894,1.95B,4.23%
2020-09-26,0.012844,0.012899,0.013163,0.012534,1.12B,-0.50%
2020-09-27,0.012741,0.012845,0.01298,0.012407,970.89M,-0.80%
2020-09-28,0.012789,0.01276,0.01332,0.01276,1.71B,0.38%
2020-09-29,0.013169,0.012762,0.013169,0.01249,1.61B,2.97%
2020-09-30,0.013531,0.013183,0.013531,0.012819,1.41B,2.75%
2020-10-01,0.012738,0.013537,0.013547,0.012679,1.31B,-5.86%
2020-10-02,0.01186,0.012695,0.012777,0.01186,1.80B,-6.89%
2020-10-03,0.011732,0.011865,0.012109,0.011732,868.80M,-1.08%
2020-10-04,0.011661,0.01173,0.011815,0.011498,1.02B,-0.61%
2020-10-05,0.011383,0.011649,0.011863,0.011301,1.13B,-2.38%
2020-10-06,0.010112,0.011372,0.011372,0.010112,2.08B,-11.17%
2020-10-07,0.011249,0.010109,0.011249,0.010005,2.22B,11.24%
2020-10-08,0.011009,0.011227,0.011325,0.010753,2.08B,-2.13%
2020-10-09,0.01147,0.010986,0.011683,0.010955,1.65B,4.19%
2020-10-10,0.0114,0.01148,0.011933,0.0114,1.48B,-0.61%
2020-10-11,0.011435,0.011395,0.011639,0.011395,1.15B,0.31%
2020-10-12,0.011386,0.011427,0.011763,0.011059,1.79B,-0.43%
2020-10-13,0.011482,0.01138,0.01168,0.01138,1.12B,0.84%
2020-10-14,0.011133,0.011501,0.011501,0.010823,1.30B,-3.04%
2020-10-15,0.010963,0.011135,0.011167,0.010874,793.47M,-1.53%
2020-10-16,0.010582,0.010956,0.011027,0.01056,874.72M,-3.48%
2020-10-17,0.010988,0.010591,0.010988,0.010591,611.66M,3.84%
2020-10-18,0.011632,0.010985,0.011693,0.010985,944.45M,5.86%
2020-10-19,0.011394,0.011651,0.011651,0.011369,804.93M,-2.05%
2020-10-20,0.010781,0.011388,0.011388,0.010778,823.41M,-5.38%
2020-10-21,0.011354,0.010774,0.011445,0.010774,991.61M,5.31%
2020-10-22,0.012155,0.01133,0.012367,0.011221,1.58B,7.05%
2020-10-23,0.012218,0.012142,0.012467,0.011856,1.26B,0.52%
2020-10-24,0.012282,0.01223,0.012335,0.012084,682.13M,0.52%
2020-10-25,0.011778,0.012272,0.012397,0.011778,777.47M,-4.10%
2020-10-26,0.011373,0.01179,0.011909,0.011223,963.28M,-3.44%
2020-10-27,0.011377,0.011368,0.011585,0.011248,1.09B,0.04%
2020-10-28,0.010642,0.01137,0.01137,0.010642,1.10B,-6.46%
2020-10-29,0.010193,0.01064,0.010817,0.010193,1.04B,-4.22%
2020-10-30,0.010079,0.010175,0.01018,0.009703,1.21B,-1.12%
2020-10-31,0.009875,0.01008,0.010309,0.009875,670.30M,-2.02%
2020-11-01,0.010498,0.009882,0.010498,0.009882,840.80M,6.31%
2020-11-02,0.010055,0.010505,0.010577,0.010055,674.24M,-4.22%
2020-11-03,0.009246,0.01005,0.010089,0.009246,1.21B,-8.05%
2020-11-04,0.009395,0.009233,0.009405,0.008942,2.78B,1.61%
2020-11-05,0.009714,0.009407,0.00987,0.009266,1.56B,3.40%
2020-11-06,0.011181,0.009727,0.011181,0.009727,1.82B,15.10%
2020-11-07,0.010383,0.01124,0.011939,0.010383,2.72B,-7.14%
2020-11-08,0.011125,0.010334,0.011309,0.010334,1.11B,7.15%
2020-11-09,0.01103,0.011109,0.011232,0.010675,1.36B,-0.85%
2020-11-10,0.011584,0.011039,0.01173,0.010958,1.45B,5.02%
2020-11-11,0.01134,0.011543,0.011795,0.01134,1.03B,-2.11%
2020-11-12,0.01065,0.011334,0.011463,0.01065,1.12B,-6.08%
2020-11-13,0.011809,0.010644,0.011809,0.010577,1.66B,10.88%
2020-11-14,0.011253,0.011814,0.011814,0.011042,1.07B,-4.71%
2020-11-15,0.011039,0.01125,0.01149,0.01085,672.47M,-1.90%
2020-11-16,0.011336,0.01098,0.011336,0.01098,680.96M,2.69%
2020-11-17,0.012345,0.011326,0.012345,0.011326,1.70B,8.90%
2020-11-18,0.011777,0.012346,0.012346,0.011515,1.29B,-4.60%
2020-11-19,0.011508,0.0118,0.0118,0.011307,859.67M,-2.28%
2020-11-20,0.012049,0.011501,0.012049,0.011501,969.64M,4.70%
2020-11-21,0.014427,0.012068,0.014427,0.011933,2.90B,19.74%
2020-11-22,0.01391,0.014421,0.014421,0.013279,2.30B,-3.58%
2020-11-23,0.016026,0.013921,0.016121,0.013869,2.87B,15.21%
2020-11-24,0.016144,0.016031,0.016693,0.015251,3.41B,0.74%
2020-11-25,0.016615,0.016158,0.018349,0.016158,4.11B,2.92%
2020-11-26,0.014612,0.016459,0.01673,0.013443,4.40B,-12.06%
2020-11-27,0.014511,0.014628,0.015022,0.014005,2.05B,-0.69%
2020-11-28,0.01535,0.014498,0.015898,0.014216,1.67B,5.78%
2020-11-29,0.015131,0.015353,0.015727,0.014924,1.26B,-1.43%
2020-11-30,0.015982,0.015178,0.015982,0.015178,1.69B,5.62%
2020-12-01,0.014715,0.015973,0.016319,0.014715,1.47B,-7.93%
2020-12-02,0.016402,0.014737,0.016713,0.014736,1.58B,11.46%
2020-12-03,0.017397,0.016417,0.017577,0.016172,2.01B,6.07%
2020-12-04,0.015678,0.017364,0.017364,0.015678,1.36B,-9.88%
2020-12-05,0.017496,0.015676,0.017496,0.015676,1.33B,11.60%
2020-12-06,0.017134,0.017466,0.017466,0.016656,913.46M,-2.07%
2020-12-07,0.018123,0.017209,0.018252,0.016754,1.92B,5.77%
2020-12-08,0.016384,0.01815,0.01815,0.016349,1.79B,-9.60%
2020-12-09,0.016779,0.016315,0.016897,0.015863,1.62B,2.41%
2020-12-10,0.015937,0.016859,0.016859,0.015937,804.34M,-5.02%
2020-12-11,0.015562,0.016013,0.016013,0.015206,1.01B,-2.35%
2020-12-12,0.01648,0.015558,0.016645,0.015558,784.23M,5.90%
2020-12-13,0.016461,0.016489,0.016937,0.016337,782.99M,-0.12%
2020-12-14,0.016368,0.016434,0.016554,0.01613,576.65M,-0.56%
2020-12-15,0.016503,0.016389,0.016787,0.016086,733.55M,0.82%
2020-12-16,0.017296,0.016523,0.017296,0.016344,1.20B,4.81%
2020-12-17,0.01709,0.017296,0.017613,0.016911,1.85B,-1.19%
2020-12-18,0.017424,0.017092,0.017427,0.016879,912.33M,1.95%
2020-12-19,0.017382,0.017408,0.017688,0.017245,1.09B,-0.24%
2020-12-20,0.016334,0.017339,0.017339,0.016282,1.31B,-6.03%
2020-12-21,0.01552,0.016266,0.016381,0.01522,1.07B,-4.98%
2020-12-22,0.015882,0.01552,0.01604,0.015364,955.11M,2.33%
2020-12-23,0.013277,0.015889,0.016017,0.013277,2.01B,-16.40%
2020-12-24,0.014894,0.013236,0.014894,0.012758,1.80B,12.18%
2020-12-25,0.014598,0.014922,0.014994,0.014551,969.91M,-1.99%
2020-12-26,0.016456,0.014597,0.016858,0.013908,2.25B,12.73%
2020-12-27,0.016549,0.016528,0.01762,0.016449,3.92B,0.57%
2020-12-28,0.020129,0.016617,0.020129,0.016564,3.59B,21.63%
2020-12-29,0.021127,0.020387,0.021127,0.018715,4.78B,4.96%
2020-12-30,0.020254,0.021234,0.021234,0.019406,2.10B,-4.13%
2020-12-31,0.01875,0.020289,0.020289,0.018488,1.43B,-7.43%
2021-01-01,0.019049,0.018768,0.019772,0.018646,1.65B,1.59%
2021-01-02,0.019993,0.019053,0.020967,0.018918,2.23B,4.96%
2021-01-03,0.026144,0.020011,0.026144,0.020011,6.15B,30.77%
2021-01-04,0.024637,0.026417,0.026481,0.022688,4.73B,-5.76%
2021-01-05,0.0279,0.024735,0.028202,0.023846,4.20B,13.24%
2021-01-06,0.030801,0.027972,0.031012,0.027972,4.68B,10.40%
2021-01-07,0.028603,0.030885,0.031154,0.028603,3.07B,-7.14%
2021-01-08,0.027262,0.028738,0.028738,0.026595,3.05B,-4.69%
2021-01-09,0.028861,0.027367,0.02912,0.026414,2.12B,5.87%
2021-01-10,0.027139,0.028991,0.029284,0.025082,3.05B,-5.97%
2021-01-11,0.024323,0.027113,0.027113,0.019828,4.71B,-10.38%
2021-01-12,0.022839,0.024276,0.025554,0.022387,2.89B,-6.10%
2021-01-13,0.026095,0.022969,0.026095,0.022818,2.01B,14.26%
2021-01-14,0.025786,0.026085,0.026295,0.025261,1.80B,-1.18%
2021-01-15,0.025339,0.02575,0.026216,0.024521,2.46B,-1.73%
2021-01-16,0.02688,0.025341,0.028147,0.025341,2.65B,6.08%
2021-01-17,0.027188,0.026842,0.027641,0.025504,2.01B,1.15%
2021-01-18,0.030769,0.027286,0.030769,0.02663,2.65B,13.17%
2021-01-19,0.029122,0.03087,0.03087,0.029115,2.01B,-5.35%
2021-01-20,0.034628,0.028984,0.034628,0.028984,5.31B,18.91%
2021-01-21,0.027989,0.034422,0.034608,0.027882,4.73B,-19.17%
2021-01-22,0.031326,0.027873,0.032094,0.026473,3.14B,11.92%
2021-01-23,0.030046,0.031285,0.031615,0.0297,1.64B,-4.09%
2021-01-24,0.030623,0.030068,0.031698,0.030068,1.56B,1.92%
2021-01-25,0.029758,0.030684,0.031703,0.029758,1.78B,-2.82%
2021-01-26,0.029456,0.029699,0.029802,0.02851,1.39B,-1.01%
2021-01-27,0.026424,0.029397,0.029397,0.026424,1.88B,-10.29%
2021-01-28,0.0274,0.026318,0.028444,0.026318,1.55B,3.69%
2021-01-29,0.027849,0.02737,0.029263,0.02737,2.69B,1.64%
2021-01-30,0.026857,0.027891,0.027891,0.026857,1.49B,-3.56%
2021-01-31,0.025411,0.026808,0.02716,0.025101,1.68B,-5.38%
2021-02-01,0.029383,0.025375,0.029383,0.025061,3.16B,15.63%
2021-02-02,0.028084,0.029481,0.029481,0.027893,1.75B,-4.42%
2021-02-03,0.029179,0.028144,0.029763,0.028144,1.74B,3.90%
2021-02-04,0.027704,0.029218,0.029229,0.027704,1.80B,-5.06%
2021-02-05,0.032046,0.027925,0.032046,0.027925,2.31B,15.67%
2021-02-06,0.029913,0.032106,0.032106,0.028997,2.40B,-6.66%
2021-02-07,0.029136,0.029969,0.030621,0.0279,1.96B,-2.60%
2021-02-08,0.0313,0.029149,0.031735,0.028846,2.55B,7.43%
2021-02-09,0.035351,0.031381,0.036586,0.030916,4.13B,12.94%
2021-02-10,0.03574,0.03558,0.037512,0.03365,3.52B,1.10%
2021-02-11,0.042615,0.035813,0.042944,0.035147,4.07B,19.24%
2021-02-12,0.054709,0.042645,0.054709,0.042645,8.66B,28.38%
2021-02-13,0.054754,0.054938,0.059806,0.052818,6.07B,0.08%
2021-02-14,0.052392,0.054847,0.057333,0.0496,3.30B,-4.31%
2021-02-15,0.051108,0.052987,0.054999,0.043795,4.56B,-2.45%
2021-02-16,0.0494,0.0512,0.053164,0.049192,2.56B,-3.34%
2021-02-17,0.051189,0.04938,0.05227,0.047566,2.76B,3.62%
2021-02-18,0.054408,0.051431,0.056197,0.051431,2.60B,6.29%
2021-02-19,0.05353,0.054482,0.05507,0.051979,2.42B,-1.61%
2021-02-20,0.05351,0.053601,0.058397,0.05351,3.86B,-0.04%
2021-02-21,0.054824,0.053551,0.056192,0.05312,2.03B,2.46%
2021-02-22,0.05004,0.054951,0.054951,0.047326,3.76B,-8.73%
2021-02-23,0.042139,0.050433,0.050433,0.038259,5.59B,-15.79%
2021-02-24,0.042781,0.042395,0.0463,0.041726,2.50B,1.52%
2021-02-25,0.039326,0.042805,0.0443,0.039326,1.79B,-8.08%
2021-02-26,0.039569,0.039321,0.04128,0.036499,2.35B,0.62%
2021-02-27,0.040775,0.039952,0.042248,0.039952,1.59B,3.05%
2021-02-28,0.039651,0.040829,0.040926,0.037226,1.47B,-2.76%
2021-03-01,0.04575,0.039735,0.04575,0.039686,1.37B,15.38%
2021-03-02,0.043794,0.045727,0.045727,0.042249,1.32B,-4.28%
2021-03-03,0.052914,0.0437,0.05396,0.0437,2.56B,20.82%
2021-03-04,0.050217,0.052731,0.05307,0.048683,2.74B,-5.10%
2021-03-05,0.051995,0.050315,0.052869,0.046682,1.99B,3.54%
2021-03-06,0.053306,0.052213,0.053695,0.051158,1.64B,2.52%
2021-03-07,0.05659,0.053449,0.059366,0.053449,3.32B,6.16%
2021-03-08,0.065342,0.056806,0.065342,0.055934,3.43B,15.47%
2021-03-09,0.064449,0.065359,0.065821,0.062891,2.52B,-1.37%
2021-03-10,0.061383,0.064573,0.064573,0.061383,1.78B,-4.76%
2021-03-11,0.067189,0.061261,0.068206,0.059009,2.38B,9.46%
2021-03-12,0.065611,0.067237,0.070575,0.064796,2.78B,-2.35%
2021-03-13,0.067477,0.065433,0.068349,0.062995,1.69B,2.84%
2021-03-14,0.065929,0.067528,0.067647,0.06508,1.27B,-2.29%
2021-03-15,0.078731,0.066442,0.080679,0.066442,5.11B,19.42%
2021-03-16,0.074421,0.079001,0.079001,0.072289,3.19B,-5.47%
2021-03-17,0.076682,0.074671,0.076682,0.072072,1.84B,3.04%
2021-03-18,0.077514,0.076754,0.081363,0.076754,1.87B,1.08%
2021-03-19,0.080897,0.077493,0.085147,0.077493,1.68B,4.36%
2021-03-20,0.089365,0.08082,0.093245,0.08082,2.90B,10.47%
2021-03-21,0.093639,0.089474,0.093639,0.088731,2.66B,4.78%
2021-03-22,0.088319,0.093759,0.097677,0.0881,3.22B,-5.68%
2021-03-23,0.083175,0.088503,0.089376,0.079917,2.70B,-5.82%
2021-03-24,0.084999,0.082909,0.093867,0.082909,3.21B,2.19%
2021-03-25,0.080827,0.084486,0.084486,0.07827,2.81B,-4.91%
2021-03-26,0.089864,0.080663,0.089864,0.080663,1.64B,11.18%
2021-03-27,0.088533,0.090404,0.094488,0.088533,1.90B,-1.48%
2021-03-28,0.090733,0.088569,0.092275,0.088423,1.18B,2.48%
2021-03-29,0.091995,0.090741,0.092999,0.089394,1.08B,1.39%
2021-03-30,0.089857,0.092151,0.092151,0.089857,1.16B,-2.32%
